# File generated by ImageToStl.com - Free Image and 3D model conversion tools

v 0.2362205 1.496063 1.823819
v 0.2362205 1.299213 2.020669
v 0.2362205 1.496063 2.020669
v 0.2362205 1.299213 1.823819
v 0.4540974 1.149606 1.932434
v 0.4409828 1.161417 1.951772
v 0.4350831 1.161417 1.937529
v 0.4580305 1.149606 1.941929
v 0.5432692 1.161417 1.892717
v 0.5491688 1.299213 1.90696
v 0.5491688 1.161417 1.90696
v 0.5432692 1.299213 1.892717
v 0.4625984 1.161417 1.871101
v 0.4642871 1.149606 1.894405
v 0.4503677 1.161417 1.880486
v 0.472441 1.149606 1.888149
v 0.4350831 1.299213 1.90696
v 0.4330709 1.161417 1.922244
v 0.4330709 1.299213 1.922244
v 0.4350831 1.161417 1.90696
v 0.4503677 1.299213 1.880486
v 0.4625984 1.161417 1.871101
v 0.4503677 1.161417 1.880486
v 0.4625984 1.299213 1.871101
v 0.4625984 1.299213 1.871101
v 0.4768414 1.161417 1.865201
v 0.4625984 1.161417 1.871101
v 0.4768414 1.299213 1.865201
v 0.4768414 1.299213 1.865201
v 0.492126 1.161417 1.863189
v 0.4768414 1.161417 1.865201
v 0.492126 1.299213 1.863189
v 0.5905512 1.496063 2.020669
v 0.2362205 1.496063 1.823819
v 0.2362205 1.496063 2.020669
v 0.5905512 1.496063 1.823819
v 0.4642871 1.149606 1.950083
v 0.4625984 1.161417 1.973387
v 0.4503677 1.161417 1.964002
v 0.472441 1.149606 1.95634
v 0.5262215 1.149606 1.941929
v 0.5338843 1.161417 1.964002
v 0.5199648 1.149606 1.950083
v 0.5432692 1.161417 1.951772
v 0.4527559 1.149606 1.922244
v 0.4350831 1.161417 1.937529
v 0.4330709 1.161417 1.922244
v 0.4540974 1.149606 1.932434
v 0.4503677 1.299213 1.880486
v 0.4409828 1.161417 1.892717
v 0.4409828 1.299213 1.892717
v 0.4503677 1.161417 1.880486
v 0.4350831 1.299213 1.937529
v 0.4409828 1.161417 1.951772
v 0.4409828 1.299213 1.951772
v 0.4350831 1.161417 1.937529
v 0.5905512 1.496063 2.020669
v 0.2362205 1.299213 2.020669
v 0.5905512 1.299213 2.020669
v 0.2362205 1.496063 2.020669
v 0.4580305 1.149606 1.941929
v 0.4503677 1.161417 1.964002
v 0.4409828 1.161417 1.951772
v 0.4642871 1.149606 1.950083
v 0.2362205 1.299213 1.823819
v 0.4625984 1.299213 1.871101
v 0.2362205 1.299213 2.020669
v 0.4768414 1.299213 1.865201
v 0.5905512 1.299213 1.823819
v 0.4503677 1.299213 1.880486
v 0.4409828 1.299213 1.892717
v 0.4350831 1.299213 1.90696
v 0.4330709 1.299213 1.922244
v 0.492126 1.299213 1.863189
v 0.5074106 1.299213 1.865201
v 0.5216535 1.299213 1.871101
v 0.5338843 1.299213 1.880486
v 0.5432692 1.299213 1.892717
v 0.5491688 1.299213 1.90696
v 0.5511811 1.299213 1.922244
v 0.4768414 1.299213 1.979287
v 0.5905512 1.299213 2.020669
v 0.4625984 1.299213 1.973387
v 0.4503677 1.299213 1.964002
v 0.4409828 1.299213 1.951772
v 0.4350831 1.299213 1.937529
v 0.492126 1.299213 1.981299
v 0.5074106 1.299213 1.979287
v 0.5216535 1.299213 1.973387
v 0.5338843 1.299213 1.964002
v 0.5432692 1.299213 1.951772
v 0.5491688 1.299213 1.937529
v 0.5199648 1.149606 1.950083
v 0.5216535 1.161417 1.973387
v 0.511811 1.149606 1.95634
v 0.5338843 1.161417 1.964002
v 0.5491688 1.161417 1.90696
v 0.531496 1.149606 1.922244
v 0.5301546 1.149606 1.912054
v 0.5511811 1.161417 1.922244
v 0.492126 1.299213 1.981299
v 0.4768414 1.161417 1.979287
v 0.492126 1.161417 1.981299
v 0.4768414 1.299213 1.979287
v 0.5432692 1.161417 1.951772
v 0.5338843 1.299213 1.964002
v 0.5338843 1.161417 1.964002
v 0.5432692 1.299213 1.951772
v 0.4540974 1.149606 1.912054
v 0.4540974 1.149606 1.932434
v 0.4527559 1.149606 1.922244
v 0.4580305 1.149606 1.902559
v 0.4580305 1.149606 1.941929
v 0.4642871 1.149606 1.894405
v 0.4642871 1.149606 1.950083
v 0.472441 1.149606 1.888149
v 0.472441 1.149606 1.95634
v 0.4819362 1.149606 1.884215
v 0.4819362 1.149606 1.960273
v 0.492126 1.149606 1.882874
v 0.492126 1.149606 1.961614
v 0.5023157 1.149606 1.884215
v 0.5023157 1.149606 1.960273
v 0.511811 1.149606 1.888149
v 0.511811 1.149606 1.95634
v 0.5199648 1.149606 1.894405
v 0.5199648 1.149606 1.950083
v 0.5262215 1.149606 1.902559
v 0.5262215 1.149606 1.941929
v 0.5301546 1.149606 1.912054
v 0.5301546 1.149606 1.932434
v 0.531496 1.149606 1.922244
v 0.4409828 1.299213 1.892717
v 0.4350831 1.161417 1.90696
v 0.4350831 1.299213 1.90696
v 0.4409828 1.161417 1.892717
v 0.5491688 1.161417 1.937529
v 0.5432692 1.299213 1.951772
v 0.5432692 1.161417 1.951772
v 0.5491688 1.299213 1.937529
v 0.531496 1.149606 1.922244
v 0.5491688 1.161417 1.937529
v 0.5301546 1.149606 1.932434
v 0.5511811 1.161417 1.922244
v 0.5301546 1.149606 1.932434
v 0.5432692 1.161417 1.951772
v 0.5262215 1.149606 1.941929
v 0.5491688 1.161417 1.937529
v 0.5511811 1.161417 1.922244
v 0.5491688 1.299213 1.937529
v 0.5491688 1.161417 1.937529
v 0.5511811 1.299213 1.922244
v 0.5338843 1.161417 1.880486
v 0.5432692 1.299213 1.892717
v 0.5432692 1.161417 1.892717
v 0.5338843 1.299213 1.880486
v 0.5491688 1.161417 1.90696
v 0.5511811 1.299213 1.922244
v 0.5511811 1.161417 1.922244
v 0.5491688 1.299213 1.90696
v 0.5905512 1.299213 1.823819
v 0.5905512 1.496063 2.020669
v 0.5905512 1.299213 2.020669
v 0.5905512 1.496063 1.823819
v 0.2362205 1.496063 1.823819
v 0.5905512 1.299213 1.823819
v 0.2362205 1.299213 1.823819
v 0.5905512 1.496063 1.823819
v 0.4330709 1.299213 1.922244
v 0.4350831 1.161417 1.937529
v 0.4350831 1.299213 1.937529
v 0.4330709 1.161417 1.922244
v 0.4819362 1.149606 1.960273
v 0.492126 1.161417 1.981299
v 0.4768414 1.161417 1.979287
v 0.492126 1.149606 1.961614
v 0.5074106 1.161417 1.865201
v 0.511811 1.149606 1.888149
v 0.5023157 1.149606 1.884215
v 0.5216535 1.161417 1.871101
v 0.492126 1.161417 1.863189
v 0.4819362 1.149606 1.884215
v 0.4768414 1.161417 1.865201
v 0.492126 1.149606 1.882874
v 0.5338843 1.299213 1.964002
v 0.5216535 1.161417 1.973387
v 0.5338843 1.161417 1.964002
v 0.5216535 1.299213 1.973387
v 0.5023157 1.149606 1.960273
v 0.492126 1.161417 1.981299
v 0.492126 1.149606 1.961614
v 0.5074106 1.161417 1.979287
v 0.4350831 1.161417 1.90696
v 0.4527559 1.149606 1.922244
v 0.4330709 1.161417 1.922244
v 0.4540974 1.149606 1.912054
v 0.5074106 1.161417 1.865201
v 0.492126 1.149606 1.882874
v 0.492126 1.161417 1.863189
v 0.5023157 1.149606 1.884215
v 0.511811 1.149606 1.95634
v 0.5074106 1.161417 1.979287
v 0.5023157 1.149606 1.960273
v 0.5216535 1.161417 1.973387
v 0.4503677 1.161417 1.880486
v 0.4580305 1.149606 1.902559
v 0.4409828 1.161417 1.892717
v 0.4642871 1.149606 1.894405
v 0.472441 1.149606 1.95634
v 0.4768414 1.161417 1.979287
v 0.4625984 1.161417 1.973387
v 0.4819362 1.149606 1.960273
v 0.5432692 1.161417 1.892717
v 0.5301546 1.149606 1.912054
v 0.5262215 1.149606 1.902559
v 0.5491688 1.161417 1.90696
v 0.4409828 1.161417 1.892717
v 0.4540974 1.149606 1.912054
v 0.4350831 1.161417 1.90696
v 0.4580305 1.149606 1.902559
v 0.5338843 1.161417 1.880486
v 0.5262215 1.149606 1.902559
v 0.5199648 1.149606 1.894405
v 0.5432692 1.161417 1.892717
v 0.5216535 1.299213 1.871101
v 0.5338843 1.161417 1.880486
v 0.5216535 1.161417 1.871101
v 0.5338843 1.299213 1.880486
v 0.4625984 1.299213 1.973387
v 0.4503677 1.161417 1.964002
v 0.4625984 1.161417 1.973387
v 0.4503677 1.299213 1.964002
v 0.4409828 1.299213 1.951772
v 0.4503677 1.161417 1.964002
v 0.4503677 1.299213 1.964002
v 0.4409828 1.161417 1.951772
v 0.5216535 1.299213 1.973387
v 0.5074106 1.161417 1.979287
v 0.5216535 1.161417 1.973387
v 0.5074106 1.299213 1.979287
v 0.5216535 1.161417 1.871101
v 0.5199648 1.149606 1.894405
v 0.511811 1.149606 1.888149
v 0.5338843 1.161417 1.880486
v 0.4768414 1.299213 1.979287
v 0.4625984 1.161417 1.973387
v 0.4768414 1.161417 1.979287
v 0.4625984 1.299213 1.973387
v 0.5074106 1.299213 1.979287
v 0.492126 1.161417 1.981299
v 0.5074106 1.161417 1.979287
v 0.492126 1.299213 1.981299
v 0.5074106 1.299213 1.865201
v 0.5216535 1.161417 1.871101
v 0.5074106 1.161417 1.865201
v 0.5216535 1.299213 1.871101
v 0.492126 1.299213 1.863189
v 0.5074106 1.161417 1.865201
v 0.492126 1.161417 1.863189
v 0.5074106 1.299213 1.865201
v 0.4768414 1.161417 1.865201
v 0.472441 1.149606 1.888149
v 0.4625984 1.161417 1.871101
v 0.4819362 1.149606 1.884215
v 0.1574803 1.499769 2.938473
v 0.1181102 1.466535 2.924707
v 0.1574803 1.466535 2.924707
v 0.1181102 1.499769 2.938473
v 0.1574803 1.535433 2.943168
v 0.1181102 1.499769 2.938473
v 0.1574803 1.499769 2.938473
v 0.1181102 1.535433 2.943168
v 0.1574803 1.571097 2.938473
v 0.1181102 1.535433 2.943168
v 0.1574803 1.535433 2.943168
v 0.1181102 1.571097 2.938473
v 0.1574803 1.604331 2.924707
v 0.1181102 1.571097 2.938473
v 0.1574803 1.571097 2.938473
v 0.1181102 1.604331 2.924707
v 0.1574803 1.632869 2.902809
v 0.1181102 1.604331 2.924707
v 0.1574803 1.604331 2.924707
v 0.1181102 1.632869 2.902809
v 0.1574803 1.632869 2.902809
v 0.1181102 1.654767 2.874271
v 0.1181102 1.632869 2.902809
v 0.1574803 1.654767 2.874271
v 0.1574803 1.654767 2.874271
v 0.1181102 1.668533 2.841037
v 0.1181102 1.654767 2.874271
v 0.1574803 1.668533 2.841037
v 1.639015E-14 1.545623 2.843402
v 1.639015E-14 1.525243 2.843402
v 1.639153E-14 1.535433 2.844743
v 1.638611E-14 1.555118 2.839469
v 1.638611E-14 1.515748 2.839469
v 1.637968E-14 1.563272 2.833212
v 1.637968E-14 1.507594 2.833212
v 1.637131E-14 1.569529 2.825058
v 1.637131E-14 1.501338 2.825058
v 1.636156E-14 1.573462 2.815563
v 1.636156E-14 1.497404 2.815563
v 1.635109E-14 1.574803 2.805373
v 1.635109E-14 1.496063 2.805373
v 1.634063E-14 1.573462 2.795183
v 1.634063E-14 1.497404 2.795183
v 1.633088E-14 1.569529 2.785688
v 1.633088E-14 1.501338 2.785688
v 1.63225E-14 1.563272 2.777534
v 1.63225E-14 1.507594 2.777534
v 1.631608E-14 1.555118 2.771278
v 1.631608E-14 1.515748 2.771278
v 1.631204E-14 1.545623 2.767345
v 1.631204E-14 1.525243 2.767345
v 1.631066E-14 1.535433 2.766003
v 0.1181102 1.654767 2.874271
v 0.1181102 1.535433 2.884113
v 0.1181102 1.632869 2.902809
v 0.1181102 1.555812 2.88143
v 0.1181102 1.574803 2.873564
v 0.1181102 1.668533 2.841037
v 0.1181102 1.591111 2.861051
v 0.1181102 1.603624 2.844743
v 0.1181102 1.61149 2.825753
v 0.1181102 1.673228 2.805373
v 0.1181102 1.614173 2.805373
v 0.1181102 1.668533 2.769709
v 0.1181102 1.61149 2.784994
v 0.1181102 1.603624 2.766003
v 0.1181102 1.654767 2.736475
v 0.1181102 1.591111 2.749696
v 0.1181102 1.574803 2.737182
v 0.1181102 1.555812 2.729316
v 0.1181102 1.632869 2.707937
v 0.1181102 1.535433 2.726633
v 0.1181102 1.437997 2.707937
v 0.1181102 1.466535 2.686039
v 0.1181102 1.604331 2.686039
v 0.1181102 1.499769 2.672273
v 0.1181102 1.571097 2.672273
v 0.1181102 1.535433 2.667578
v 0.1181102 1.571097 2.938473
v 0.1181102 1.499769 2.938473
v 0.1181102 1.535433 2.943168
v 0.1181102 1.604331 2.924707
v 0.1181102 1.466535 2.924707
v 0.1181102 1.437997 2.902809
v 0.1181102 1.416099 2.874271
v 0.1181102 1.515054 2.88143
v 0.1181102 1.496063 2.873564
v 0.1181102 1.402333 2.841037
v 0.1181102 1.479755 2.861051
v 0.1181102 1.467242 2.844743
v 0.1181102 1.459376 2.825753
v 0.1181102 1.397638 2.805373
v 0.1181102 1.456693 2.805373
v 0.1181102 1.402333 2.769709
v 0.1181102 1.459376 2.784994
v 0.1181102 1.467242 2.766003
v 0.1181102 1.416099 2.736475
v 0.1181102 1.479755 2.749696
v 0.1181102 1.496063 2.737182
v 0.1181102 1.515054 2.729316
v 0.1574803 1.499769 2.938473
v 0.1574803 1.571097 2.938473
v 0.1574803 1.535433 2.943168
v 0.1574803 1.466535 2.924707
v 0.1574803 1.604331 2.924707
v 0.1574803 1.437997 2.902809
v 0.1574803 1.632869 2.902809
v 0.1574803 1.416099 2.874271
v 0.1574803 1.654767 2.874271
v 0.1574803 1.402333 2.841037
v 0.1574803 1.535433 2.854586
v 0.1574803 1.522696 2.852909
v 0.1574803 1.510827 2.847993
v 0.1574803 1.500635 2.840172
v 0.1574803 1.397638 2.805373
v 0.1574803 1.492814 2.829979
v 0.1574803 1.487897 2.81811
v 0.1574803 1.48622 2.805373
v 0.1574803 1.402333 2.769709
v 0.1574803 1.487897 2.792636
v 0.1574803 1.492814 2.780767
v 0.1574803 1.500635 2.770575
v 0.1574803 1.510827 2.762754
v 0.1574803 1.416099 2.736475
v 0.1574803 1.522696 2.757838
v 0.1574803 1.535433 2.75616
v 0.1574803 1.668533 2.841037
v 0.1574803 1.54817 2.852909
v 0.1574803 1.560039 2.847993
v 0.1574803 1.570232 2.840172
v 0.1574803 1.673228 2.805373
v 0.1574803 1.578052 2.829979
v 0.1574803 1.582969 2.81811
v 0.1574803 1.584646 2.805373
v 0.1574803 1.582969 2.792636
v 0.1574803 1.668533 2.769709
v 0.1574803 1.578052 2.780767
v 0.1574803 1.570232 2.770575
v 0.1574803 1.560039 2.762754
v 0.1574803 1.654767 2.736475
v 0.1574803 1.54817 2.757838
v 0.1574803 1.437997 2.707937
v 0.1574803 1.632869 2.707937
v 0.1574803 1.466535 2.686039
v 0.1574803 1.604331 2.686039
v 0.1574803 1.499769 2.672273
v 0.1574803 1.571097 2.672273
v 0.1574803 1.535433 2.667578
v 0.1574803 1.668533 2.841037
v 0.1181102 1.673228 2.805373
v 0.1181102 1.668533 2.841037
v 0.1574803 1.673228 2.805373
v 0.1574803 1.673228 2.805373
v 0.1181102 1.668533 2.769709
v 0.1181102 1.673228 2.805373
v 0.1574803 1.668533 2.769709
v 0.1574803 1.668533 2.769709
v 0.1181102 1.654767 2.736475
v 0.1181102 1.668533 2.769709
v 0.1574803 1.654767 2.736475
v 0.1574803 1.654767 2.736475
v 0.1181102 1.632869 2.707937
v 0.1181102 1.654767 2.736475
v 0.1574803 1.632869 2.707937
v 0.1181102 1.632869 2.707937
v 0.1574803 1.604331 2.686039
v 0.1181102 1.604331 2.686039
v 0.1574803 1.632869 2.707937
v 0.1181102 1.604331 2.686039
v 0.1574803 1.571097 2.672273
v 0.1181102 1.571097 2.672273
v 0.1574803 1.604331 2.686039
v 0.1181102 1.571097 2.672273
v 0.1574803 1.535433 2.667578
v 0.1181102 1.535433 2.667578
v 0.1574803 1.571097 2.672273
v 0.1181102 1.535433 2.667578
v 0.1574803 1.499769 2.672273
v 0.1181102 1.499769 2.672273
v 0.1574803 1.535433 2.667578
v 0.1181102 1.499769 2.672273
v 0.1574803 1.466535 2.686039
v 0.1181102 1.466535 2.686039
v 0.1574803 1.499769 2.672273
v 0.1574803 1.402333 2.769709
v 0.1181102 1.397638 2.805373
v 0.1181102 1.402333 2.769709
v 0.1574803 1.397638 2.805373
v 0.1574803 1.397638 2.805373
v 0.1181102 1.402333 2.841037
v 0.1181102 1.397638 2.805373
v 0.1574803 1.402333 2.841037
v 0.1574803 1.402333 2.841037
v 0.1181102 1.416099 2.874271
v 0.1181102 1.402333 2.841037
v 0.1574803 1.416099 2.874271
v 0.1574803 1.416099 2.874271
v 0.1181102 1.437997 2.902809
v 0.1181102 1.416099 2.874271
v 0.1574803 1.437997 2.902809
v 0.1574803 1.466535 2.924707
v 0.1181102 1.437997 2.902809
v 0.1574803 1.437997 2.902809
v 0.1181102 1.466535 2.924707
v 0.1181102 1.466535 2.686039
v 0.1574803 1.437997 2.707937
v 0.1181102 1.437997 2.707937
v 0.1574803 1.466535 2.686039
v 0.1574803 1.437997 2.707937
v 0.1181102 1.416099 2.736475
v 0.1181102 1.437997 2.707937
v 0.1574803 1.416099 2.736475
v 0.1574803 1.416099 2.736475
v 0.1181102 1.402333 2.769709
v 0.1181102 1.416099 2.736475
v 0.1574803 1.402333 2.769709
v 0.1181102 1.515054 2.88143
v 0.1181102 1.555812 2.88143
v 0.1181102 1.535433 2.884113
v 0.1181102 1.496063 2.873564
v 0.1181102 1.574803 2.873564
v 0.1181102 1.479755 2.861051
v 0.1181102 1.591111 2.861051
v 0.1181102 1.467242 2.844743
v 0.1181102 1.603624 2.844743
v 0.1181102 1.459376 2.825753
v 0.1181102 1.61149 2.825753
v 0.1181102 1.456693 2.805373
v 0.1181102 1.614173 2.805373
v 0.1181102 1.459376 2.784994
v 0.1181102 1.61149 2.784994
v 0.1181102 1.467242 2.766003
v 0.1181102 1.603624 2.766003
v 0.1181102 1.479755 2.749696
v 0.1181102 1.591111 2.749696
v 0.1181102 1.496063 2.737182
v 0.1181102 1.574803 2.737182
v 0.1181102 1.515054 2.729316
v 0.1181102 1.555812 2.729316
v 0.1181102 1.535433 2.726633
v 0.01968504 1.603624 2.844743
v 1.637968E-14 1.563272 2.833212
v 0.01968504 1.591111 2.861051
v 1.637131E-14 1.569529 2.825058
v 0.1181102 1.603624 2.844743
v 0.01968504 1.61149 2.825753
v 0.01968504 1.603624 2.844743
v 0.1181102 1.61149 2.825753
v 0.1181102 1.456693 2.805373
v 0.01968504 1.459376 2.825753
v 0.01968504 1.456693 2.805373
v 0.1181102 1.459376 2.825753
v 0.01968504 1.574803 2.737182
v 1.631204E-14 1.545623 2.767345
v 1.631608E-14 1.555118 2.771278
v 0.01968504 1.555812 2.729316
v 1.636156E-14 1.497404 2.815563
v 0.01968504 1.456693 2.805373
v 0.01968504 1.459376 2.825753
v 1.635109E-14 1.496063 2.805373
v 0.1181102 1.467242 2.844743
v 0.01968504 1.479755 2.861051
v 0.01968504 1.467242 2.844743
v 0.1181102 1.479755 2.861051
v 0.01968504 1.603624 2.766003
v 1.63225E-14 1.563272 2.777534
v 1.633088E-14 1.569529 2.785688
v 0.01968504 1.591111 2.749696
v 0.1181102 1.61149 2.825753
v 0.01968504 1.614173 2.805373
v 0.01968504 1.61149 2.825753
v 0.1181102 1.614173 2.805373
v 0.1181102 1.459376 2.825753
v 0.01968504 1.467242 2.844743
v 0.01968504 1.459376 2.825753
v 0.1181102 1.467242 2.844743
v 0.01968504 1.614173 2.805373
v 1.636156E-14 1.573462 2.815563
v 0.01968504 1.61149 2.825753
v 1.635109E-14 1.574803 2.805373
v 0.1181102 1.535433 2.884113
v 0.01968504 1.515054 2.88143
v 0.1181102 1.515054 2.88143
v 0.01968504 1.535433 2.884113
v 0.1181102 1.467242 2.766003
v 0.01968504 1.459376 2.784994
v 0.01968504 1.467242 2.766003
v 0.1181102 1.459376 2.784994
v 0.1181102 1.555812 2.88143
v 0.01968504 1.574803 2.873564
v 0.01968504 1.555812 2.88143
v 0.1181102 1.574803 2.873564
v 0.01968504 1.574803 2.737182
v 0.1181102 1.555812 2.729316
v 0.01968504 1.555812 2.729316
v 0.1181102 1.574803 2.737182
v 0.1181102 1.603624 2.766003
v 0.01968504 1.591111 2.749696
v 0.01968504 1.603624 2.766003
v 0.1181102 1.591111 2.749696
v 0.01968504 1.496063 2.737182
v 0.1181102 1.479755 2.749696
v 0.01968504 1.479755 2.749696
v 0.1181102 1.496063 2.737182
v 0.1181102 1.614173 2.805373
v 0.01968504 1.61149 2.784994
v 0.01968504 1.614173 2.805373
v 0.1181102 1.61149 2.784994
v 0.1181102 1.515054 2.88143
v 0.01968504 1.496063 2.873564
v 0.1181102 1.496063 2.873564
v 0.01968504 1.515054 2.88143
v 0.01968504 1.61149 2.784994
v 1.635109E-14 1.574803 2.805373
v 0.01968504 1.614173 2.805373
v 1.634063E-14 1.573462 2.795183
v 0.1181102 1.574803 2.873564
v 0.01968504 1.591111 2.861051
v 0.01968504 1.574803 2.873564
v 0.1181102 1.591111 2.861051
v 1.638611E-14 1.515748 2.839469
v 0.01968504 1.479755 2.861051
v 0.01968504 1.496063 2.873564
v 1.637968E-14 1.507594 2.833212
v 0.01968504 1.591111 2.749696
v 1.631608E-14 1.555118 2.771278
v 1.63225E-14 1.563272 2.777534
v 0.01968504 1.574803 2.737182
v 0.3149606 1.584646 2.805373
v 0.1574803 1.582969 2.792636
v 0.1574803 1.584646 2.805373
v 0.3149606 1.582969 2.792636
v 0.3149606 1.582969 2.792636
v 0.1574803 1.578052 2.780767
v 0.1574803 1.582969 2.792636
v 0.3149606 1.578052 2.780767
v 0.3149606 1.578052 2.780767
v 0.1574803 1.570232 2.770575
v 0.1574803 1.578052 2.780767
v 0.3149606 1.570232 2.770575
v 0.1574803 1.570232 2.770575
v 0.3149606 1.560039 2.762754
v 0.1574803 1.560039 2.762754
v 0.3149606 1.570232 2.770575
v 0.3149606 1.48622 2.805373
v 0.1574803 1.487897 2.81811
v 0.1574803 1.48622 2.805373
v 0.3149606 1.487897 2.81811
v 0.3149606 1.492814 2.780767
v 0.1574803 1.487897 2.792636
v 0.1574803 1.492814 2.780767
v 0.3149606 1.487897 2.792636
v 0.3149606 1.487897 2.792636
v 0.1574803 1.48622 2.805373
v 0.1574803 1.487897 2.792636
v 0.3149606 1.48622 2.805373
v 0.3149606 1.492814 2.829979
v 0.1574803 1.500635 2.840172
v 0.1574803 1.492814 2.829979
v 0.3149606 1.500635 2.840172
v 0.3149606 1.54817 2.852909
v 0.1574803 1.535433 2.854586
v 0.3149606 1.535433 2.854586
v 0.1574803 1.54817 2.852909
v 0.3149606 1.500635 2.770575
v 0.1574803 1.492814 2.780767
v 0.1574803 1.500635 2.770575
v 0.3149606 1.492814 2.780767
v 0.3149606 1.522696 2.852909
v 0.3149606 1.54817 2.852909
v 0.3149606 1.535433 2.854586
v 0.3149606 1.510827 2.847993
v 0.3149606 1.560039 2.847993
v 0.3149606 1.500635 2.840172
v 0.3149606 1.570232 2.840172
v 0.3149606 1.492814 2.829979
v 0.3149606 1.578052 2.829979
v 0.3149606 1.487897 2.81811
v 0.3149606 1.582969 2.81811
v 0.3149606 1.48622 2.805373
v 0.3149606 1.584646 2.805373
v 0.3149606 1.487897 2.792636
v 0.3149606 1.582969 2.792636
v 0.3149606 1.492814 2.780767
v 0.3149606 1.578052 2.780767
v 0.3149606 1.500635 2.770575
v 0.3149606 1.570232 2.770575
v 0.3149606 1.510827 2.762754
v 0.3149606 1.560039 2.762754
v 0.3149606 1.522696 2.757838
v 0.3149606 1.54817 2.757838
v 0.3149606 1.535433 2.75616
v 0.3149606 1.578052 2.829979
v 0.1574803 1.582969 2.81811
v 0.1574803 1.578052 2.829979
v 0.3149606 1.582969 2.81811
v 0.3149606 1.487897 2.81811
v 0.1574803 1.492814 2.829979
v 0.1574803 1.487897 2.81811
v 0.3149606 1.492814 2.829979
v 0.3149606 1.570232 2.840172
v 0.1574803 1.560039 2.847993
v 0.3149606 1.560039 2.847993
v 0.1574803 1.570232 2.840172
v 0.3149606 1.582969 2.81811
v 0.1574803 1.584646 2.805373
v 0.1574803 1.582969 2.81811
v 0.3149606 1.584646 2.805373
v 0.1574803 1.54817 2.757838
v 0.3149606 1.535433 2.75616
v 0.1574803 1.535433 2.75616
v 0.3149606 1.54817 2.757838
v 0.3149606 1.522696 2.852909
v 0.1574803 1.510827 2.847993
v 0.3149606 1.510827 2.847993
v 0.1574803 1.522696 2.852909
v 0.1574803 1.560039 2.762754
v 0.3149606 1.54817 2.757838
v 0.1574803 1.54817 2.757838
v 0.3149606 1.560039 2.762754
v 0.3149606 1.510827 2.847993
v 0.1574803 1.500635 2.840172
v 0.3149606 1.500635 2.840172
v 0.1574803 1.510827 2.847993
v 0.1574803 1.522696 2.757838
v 0.3149606 1.510827 2.762754
v 0.1574803 1.510827 2.762754
v 0.3149606 1.522696 2.757838
v 0.3149606 1.570232 2.840172
v 0.1574803 1.578052 2.829979
v 0.1574803 1.570232 2.840172
v 0.3149606 1.578052 2.829979
v 0.1574803 1.535433 2.75616
v 0.3149606 1.522696 2.757838
v 0.1574803 1.522696 2.757838
v 0.3149606 1.535433 2.75616
v 0.1574803 1.510827 2.762754
v 0.3149606 1.500635 2.770575
v 0.1574803 1.500635 2.770575
v 0.3149606 1.510827 2.762754
v 1.639153E-14 1.535433 2.844743
v 0.01968504 1.515054 2.88143
v 0.01968504 1.535433 2.884113
v 1.639015E-14 1.525243 2.843402
v 1.635109E-14 1.496063 2.805373
v 0.01968504 1.459376 2.784994
v 0.01968504 1.456693 2.805373
v 1.634063E-14 1.497404 2.795183
v 0.1181102 1.479755 2.749696
v 0.01968504 1.467242 2.766003
v 0.01968504 1.479755 2.749696
v 0.1181102 1.467242 2.766003
v 0.1181102 1.61149 2.784994
v 0.01968504 1.603624 2.766003
v 0.01968504 1.61149 2.784994
v 0.1181102 1.603624 2.766003
v 0.01968504 1.555812 2.88143
v 1.639153E-14 1.535433 2.844743
v 0.01968504 1.535433 2.884113
v 1.639015E-14 1.545623 2.843402
v 0.01968504 1.591111 2.861051
v 1.638611E-14 1.555118 2.839469
v 0.01968504 1.574803 2.873564
v 1.637968E-14 1.563272 2.833212
v 1.631066E-14 1.535433 2.766003
v 0.01968504 1.515054 2.729316
v 1.631204E-14 1.525243 2.767345
v 0.01968504 1.535433 2.726633
v 1.63225E-14 1.507594 2.777534
v 0.01968504 1.467242 2.766003
v 1.633088E-14 1.501338 2.785688
v 0.01968504 1.479755 2.749696
v 0.01968504 1.61149 2.825753
v 1.637131E-14 1.569529 2.825058
v 0.01968504 1.603624 2.844743
v 1.636156E-14 1.573462 2.815563
v 0.01968504 1.535433 2.726633
v 0.1181102 1.555812 2.729316
v 0.1181102 1.535433 2.726633
v 0.01968504 1.555812 2.729316
v 1.631608E-14 1.515748 2.771278
v 0.01968504 1.479755 2.749696
v 1.63225E-14 1.507594 2.777534
v 0.01968504 1.496063 2.737182
v 0.01968504 1.496063 2.737182
v 0.1181102 1.515054 2.729316
v 0.1181102 1.496063 2.737182
v 0.01968504 1.515054 2.729316
v 0.01968504 1.61149 2.784994
v 1.633088E-14 1.569529 2.785688
v 1.634063E-14 1.573462 2.795183
v 0.01968504 1.603624 2.766003
v 0.01968504 1.535433 2.726633
v 0.1181102 1.515054 2.729316
v 0.01968504 1.515054 2.729316
v 0.1181102 1.535433 2.726633
v 1.633088E-14 1.501338 2.785688
v 0.01968504 1.459376 2.784994
v 1.634063E-14 1.497404 2.795183
v 0.01968504 1.467242 2.766003
v 0.1181102 1.555812 2.88143
v 0.01968504 1.535433 2.884113
v 0.1181102 1.535433 2.884113
v 0.01968504 1.555812 2.88143
v 1.637968E-14 1.507594 2.833212
v 0.01968504 1.467242 2.844743
v 0.01968504 1.479755 2.861051
v 1.637131E-14 1.501338 2.825058
v 1.631204E-14 1.525243 2.767345
v 0.01968504 1.496063 2.737182
v 1.631608E-14 1.515748 2.771278
v 0.01968504 1.515054 2.729316
v 0.3149606 1.560039 2.847993
v 0.1574803 1.54817 2.852909
v 0.3149606 1.54817 2.852909
v 0.1574803 1.560039 2.847993
v 0.3149606 1.535433 2.854586
v 0.1574803 1.522696 2.852909
v 0.3149606 1.522696 2.852909
v 0.1574803 1.535433 2.854586
v 0.01968504 1.555812 2.729316
v 1.631066E-14 1.535433 2.766003
v 1.631204E-14 1.545623 2.767345
v 0.01968504 1.535433 2.726633
v 1.639015E-14 1.525243 2.843402
v 0.01968504 1.496063 2.873564
v 0.01968504 1.515054 2.88143
v 1.638611E-14 1.515748 2.839469
v 0.1181102 1.459376 2.784994
v 0.01968504 1.456693 2.805373
v 0.01968504 1.459376 2.784994
v 0.1181102 1.456693 2.805373
v 1.637131E-14 1.501338 2.825058
v 0.01968504 1.459376 2.825753
v 0.01968504 1.467242 2.844743
v 1.636156E-14 1.497404 2.815563
v 0.01968504 1.574803 2.873564
v 1.639015E-14 1.545623 2.843402
v 0.01968504 1.555812 2.88143
v 1.638611E-14 1.555118 2.839469
v 0.01968504 1.591111 2.749696
v 0.1181102 1.574803 2.737182
v 0.01968504 1.574803 2.737182
v 0.1181102 1.591111 2.749696
v 0.1181102 1.591111 2.861051
v 0.01968504 1.603624 2.844743
v 0.01968504 1.591111 2.861051
v 0.1181102 1.603624 2.844743
v 0.1181102 1.479755 2.861051
v 0.01968504 1.496063 2.873564
v 0.01968504 1.479755 2.861051
v 0.1181102 1.496063 2.873564
v -0.1870079 1.220472 0.3149606
v -0.3543307 1.181102 0.472441
v -0.3543307 1.220472 0.472441
v -0.1870079 1.181102 0.3149606
v -0.1870079 1.220472 0.3149606
v -0.1870079 1.181102 0
v -0.1870079 1.181102 0.3149606
v -0.1870079 1.220472 0
v 0.2066929 1.220472 0
v -0.1870079 1.181102 0
v -0.1870079 1.220472 0
v 0.2066929 1.181102 0
v -0.2165354 1.181102 0.9251968
v -0.2559055 1.732283 0.9251968
v -0.2559055 1.181102 0.9251968
v -0.2165354 1.732283 0.9251968
v -0.2165354 1.220472 0.9251968
v -0.2165354 1.732283 0.6102362
v -0.2559055 1.181102 0.6102362
v -0.2559055 1.732283 0.6102362
v -0.2165354 1.181102 0.6102362
v -0.2165354 1.220472 0.6102362
v -0.2165354 1.220472 0.9645669
v -0.2165354 1.181102 0.9251968
v -0.2165354 1.181102 0.9645669
v -0.2165354 1.220472 0.9251968
v -0.2165354 1.220472 0.6102362
v -0.2165354 1.181102 0.5708662
v -0.2165354 1.181102 0.6102362
v -0.2165354 1.220472 0.5708662
v 0.3740157 1.220472 0.472441
v 0.3740157 1.181102 2.490412
v 0.3740157 1.181102 0.472441
v 0.3740157 1.181102 2.529783
v 0.3740157 1.220472 2.529783
v -0.2165354 1.220472 2.529783
v -0.2165354 0.7086614 2.490412
v -0.2165354 0.7086614 2.529783
v -0.2165354 1.181102 2.490412
v -0.2165354 1.181102 2.470727
v -0.2165354 1.220472 2.470727
v 0.511811 1.023622 2.529783
v 0.3248031 1.023622 2.490412
v 0.511811 1.023622 2.490412
v 0.3248031 1.023622 2.529783
v 0.3248031 1.023622 2.529783
v 0.3018763 1.020604 2.490412
v 0.3248031 1.023622 2.490412
v 0.3018763 1.020604 2.529783
v 0.3018763 1.020604 2.529783
v 0.2805118 1.011754 2.490412
v 0.3018763 1.020604 2.490412
v 0.2805118 1.011754 2.529783
v 0.2805118 1.011754 2.529783
v 0.2621657 0.9976768 2.490412
v 0.2805118 1.011754 2.490412
v 0.2621657 0.9976768 2.529783
v 0.511811 0.7086614 2.529783
v -0.2165354 0.7086614 2.490412
v 0.511811 0.7086614 2.490412
v -0.2165354 0.7086614 2.529783
v 0.3740157 1.181102 2.490412
v -0.2165354 0.7086614 2.490412
v -0.2165354 1.181102 2.490412
v 0.2480883 0.9793307 2.490412
v 0.2392389 0.9579663 2.490412
v 0.2362205 0.9350393 2.490412
v 0.2621657 0.9976768 2.490412
v 0.2805118 1.011754 2.490412
v 0.3018763 1.020604 2.490412
v 0.3248031 1.023622 2.490412
v 0.511811 1.023622 2.490412
v 0.511811 1.181102 2.490412
v 0.2805118 0.8583245 2.490412
v 0.511811 0.7086614 2.490412
v 0.2621657 0.872402 2.490412
v 0.2480883 0.890748 2.490412
v 0.2392389 0.9121125 2.490412
v 0.3018763 0.8494751 2.490412
v 0.3248031 0.8464567 2.490412
v 0.511811 0.8464567 2.490412
v 0.2621657 0.9976768 2.490412
v 0.2480883 0.9793307 2.529783
v 0.2480883 0.9793307 2.490412
v 0.2621657 0.9976768 2.529783
v 0.2480883 0.9793307 2.490412
v 0.2392389 0.9579663 2.529783
v 0.2392389 0.9579663 2.490412
v 0.2480883 0.9793307 2.529783
v 0.02952756 1.220472 1.481261
v 0.01528459 1.181102 1.487161
v 0.01528459 1.220472 1.487161
v 0.02952756 1.181102 1.481261
v -0.2165354 1.220472 0.9645669
v -0.3543307 1.181102 0.9645669
v -0.3543307 1.220472 0.9645669
v -0.2165354 1.181102 0.9645669
v -0.2165354 1.181102 0.5708662
v -0.3543307 1.220472 0.5708662
v -0.3543307 1.181102 0.5708662
v -0.2165354 1.220472 0.5708662
v -0.2165354 1.181102 2.470727
v -0.2559055 1.732283 2.470727
v -0.2559055 1.181102 2.470727
v -0.2165354 1.732283 2.470727
v -0.2165354 1.220472 2.470727
v -0.2559055 1.732283 2.470727
v -0.2165354 1.732283 2.155767
v -0.2559055 1.732283 2.155767
v -0.2165354 1.732283 2.470727
v 0.05704286 1.220472 1.445403
v 0.05905512 1.181102 1.430118
v 0.05704286 1.181102 1.445403
v 0.05905512 1.220472 1.430118
v 0.2392389 0.9579663 2.490412
v 0.2362205 0.9350393 2.529783
v 0.2362205 0.9350393 2.490412
v 0.2392389 0.9579663 2.529783
v 0.2362205 0.9350393 2.490412
v 0.2392389 0.9121125 2.529783
v 0.2392389 0.9121125 2.490412
v 0.2362205 0.9350393 2.529783
v 0.2392389 0.9121125 2.490412
v 0.2480883 0.890748 2.529783
v 0.2480883 0.890748 2.490412
v 0.2392389 0.9121125 2.529783
v 0.2480883 0.890748 2.490412
v 0.2621657 0.872402 2.529783
v 0.2621657 0.872402 2.490412
v 0.2480883 0.890748 2.529783
v 0.2621657 0.872402 2.529783
v 0.2805118 0.8583245 2.490412
v 0.2621657 0.872402 2.490412
v 0.2805118 0.8583245 2.529783
v 0.2805118 0.8583245 2.529783
v 0.3018763 0.8494751 2.490412
v 0.2805118 0.8583245 2.490412
v 0.3018763 0.8494751 2.529783
v 0.3018763 0.8494751 2.529783
v 0.3248031 0.8464567 2.490412
v 0.3018763 0.8494751 2.490412
v 0.3248031 0.8464567 2.529783
v 0.3248031 0.8464567 2.529783
v 0.511811 0.8464567 2.490412
v 0.3248031 0.8464567 2.490412
v 0.511811 0.8464567 2.529783
v 0.511811 1.181102 2.490412
v 0.511811 1.023622 2.529783
v 0.511811 1.023622 2.490412
v 0.511811 1.181102 2.529783
v -0.05114323 1.220472 1.400591
v -0.05704286 1.181102 1.414834
v -0.05114323 1.181102 1.400591
v -0.05704286 1.220472 1.414834
v 0.2066929 1.220472 0
v 0.2066929 1.181102 0.3149606
v 0.2066929 1.181102 0
v 0.2066929 1.220472 0.3149606
v 0.3740157 1.220472 0.472441
v 0.2066929 1.181102 0.3149606
v 0.2066929 1.220472 0.3149606
v 0.3740157 1.181102 0.472441
v -0.2165354 0.7086614 2.529783
v 0.2805118 0.8583245 2.529783
v -0.2165354 1.220472 2.529783
v 0.511811 0.7086614 2.529783
v 0.2621657 0.872402 2.529783
v 0.2480883 0.890748 2.529783
v 0.2392389 0.9121125 2.529783
v 0.2362205 0.9350393 2.529783
v 0.3018763 0.8494751 2.529783
v 0.3248031 0.8464567 2.529783
v 0.511811 0.8464567 2.529783
v 0.511811 1.023622 2.529783
v 0.3740157 1.181102 2.529783
v 0.3248031 1.023622 2.529783
v 0.511811 1.181102 2.529783
v 0.2480883 0.9793307 2.529783
v 0.3740157 1.220472 2.529783
v 0.2392389 0.9579663 2.529783
v 0.2621657 0.9976768 2.529783
v 0.2805118 1.011754 2.529783
v 0.3018763 1.020604 2.529783
v -0.2559055 1.181102 0.9251968
v -0.2559055 1.510827 0.8103359
v -0.2559055 1.181102 0.6102362
v -0.2559055 1.732283 0.9251968
v -0.2559055 1.500635 0.8025151
v -0.2559055 1.492814 0.7923228
v -0.2559055 1.487897 0.7804537
v -0.2559055 1.48622 0.7677165
v -0.2559055 1.522696 0.8152522
v -0.2559055 1.535433 0.8169292
v -0.2559055 1.54817 0.8152522
v -0.2559055 1.560039 0.8103359
v -0.2559055 1.570232 0.8025151
v -0.2559055 1.578052 0.7923228
v -0.2559055 1.582969 0.7804537
v -0.2559055 1.584646 0.7677165
v -0.2559055 1.510827 0.7250972
v -0.2559055 1.732283 0.6102362
v -0.2559055 1.500635 0.732918
v -0.2559055 1.492814 0.7431102
v -0.2559055 1.487897 0.7549794
v -0.2559055 1.522696 0.7201808
v -0.2559055 1.535433 0.718504
v -0.2559055 1.54817 0.7201808
v -0.2559055 1.560039 0.7250972
v -0.2559055 1.570232 0.732918
v -0.2559055 1.578052 0.7431102
v -0.2559055 1.582969 0.7549794
v -0.3543307 1.220472 0.5708662
v -0.3543307 1.181102 0.472441
v -0.3543307 1.181102 0.5708662
v -0.3543307 1.220472 0.472441
v -0.2559055 1.732283 0.9251968
v -0.2165354 1.732283 0.6102362
v -0.2559055 1.732283 0.6102362
v -0.2165354 1.732283 0.9251968
v 0.511811 0.8464567 2.490412
v 0.511811 0.7086614 2.529783
v 0.511811 0.7086614 2.490412
v 0.511811 0.8464567 2.529783
v 0.3740157 1.181102 2.529783
v 0.511811 1.181102 2.490412
v 0.3740157 1.181102 2.490412
v 0.511811 1.181102 2.529783
v -0.1327646 1.220472 1.865587
v -0.1377953 1.181102 1.903798
v -0.1327646 1.181102 1.865587
v -0.1377953 1.220472 1.903798
v -0.1180156 1.220472 1.82998
v -0.1327646 1.181102 1.865587
v -0.1180156 1.181102 1.82998
v -0.1327646 1.220472 1.865587
v -0.09455317 1.220472 1.799403
v -0.1180156 1.181102 1.82998
v -0.09455317 1.181102 1.799403
v -0.1180156 1.220472 1.82998
v -0.06397638 1.181102 1.77594
v -0.09455317 1.220472 1.799403
v -0.09455317 1.181102 1.799403
v -0.06397638 1.220472 1.77594
v -0.02836895 1.181102 1.761191
v -0.06397638 1.220472 1.77594
v -0.06397638 1.181102 1.77594
v -0.02836895 1.220472 1.761191
v 0.00984252 1.181102 1.756161
v -0.02836895 1.220472 1.761191
v -0.02836895 1.181102 1.761191
v 0.00984252 1.220472 1.756161
v -0.1771654 1.582969 0.7804537
v -0.2559055 1.584646 0.7677165
v -0.1771654 1.584646 0.7677165
v -0.2559055 1.582969 0.7804537
v 0.04805399 1.181102 1.761191
v 0.00984252 1.220472 1.756161
v 0.00984252 1.181102 1.756161
v 0.04805399 1.220472 1.761191
v 0.1524497 1.220472 1.865587
v 0.1377006 1.181102 1.82998
v 0.1524497 1.181102 1.865587
v 0.1377006 1.220472 1.82998
v 0.04175827 1.181102 1.38836
v 0.02952756 1.220472 1.378975
v 0.02952756 1.181102 1.378975
v 0.04175827 1.220472 1.38836
v -0.02952756 1.181102 1.378975
v -0.04175827 1.220472 1.38836
v -0.04175827 1.181102 1.38836
v -0.02952756 1.220472 1.378975
v -0.1180156 1.220472 1.977617
v -0.09455317 1.181102 2.008194
v -0.1180156 1.181102 1.977617
v -0.09455317 1.220472 2.008194
v 0.1524497 1.220472 1.94201
v 0.1574803 1.181102 1.903798
v 0.1524497 1.181102 1.94201
v 0.1574803 1.220472 1.903798
v 0.1377006 1.220472 1.977617
v 0.1524497 1.181102 1.94201
v 0.1377006 1.181102 1.977617
v 0.1524497 1.220472 1.94201
v 0.1142382 1.220472 2.008194
v 0.1377006 1.181102 1.977617
v 0.1142382 1.181102 2.008194
v 0.1377006 1.220472 1.977617
v 0.04805399 1.220472 2.046406
v 0.00984252 1.181102 2.051436
v 0.00984252 1.220472 2.051436
v 0.04805399 1.181102 2.046406
v -0.1377953 1.220472 1.903798
v -0.1327646 1.181102 1.94201
v -0.1377953 1.181102 1.903798
v -0.1327646 1.220472 1.94201
v -0.05114323 1.220472 1.459646
v -0.04175827 1.181102 1.471876
v -0.05114323 1.181102 1.459646
v -0.04175827 1.220472 1.471876
v 0.04175827 1.220472 1.471876
v 0.05114323 1.181102 1.459646
v 0.04175827 1.181102 1.471876
v 0.05114323 1.220472 1.459646
v 0.02952756 1.181102 1.378975
v 0.01528459 1.220472 1.373075
v 0.01528459 1.181102 1.373075
v 0.02952756 1.220472 1.378975
v 1.598721E-14 1.181102 1.371063
v -0.01528459 1.220472 1.373075
v -0.01528459 1.181102 1.373075
v 1.598721E-14 1.220472 1.371063
v -0.05905512 1.220472 1.430118
v -0.05704286 1.181102 1.445403
v -0.05905512 1.181102 1.430118
v -0.05704286 1.220472 1.445403
v 0.05704286 1.220472 1.414834
v 0.05114323 1.181102 1.400591
v 0.05704286 1.181102 1.414834
v 0.05114323 1.220472 1.400591
v -0.05704286 1.220472 1.445403
v -0.05114323 1.181102 1.459646
v -0.05704286 1.181102 1.445403
v -0.05114323 1.220472 1.459646
v 0.04175827 1.220472 1.471876
v 0.02952756 1.181102 1.481261
v 0.02952756 1.220472 1.481261
v 0.04175827 1.181102 1.471876
v -0.01528459 1.181102 1.373075
v -0.02952756 1.220472 1.378975
v -0.02952756 1.181102 1.378975
v -0.01528459 1.220472 1.373075
v -0.02836895 1.220472 2.046406
v -0.06397638 1.181102 2.031657
v -0.06397638 1.220472 2.031657
v -0.02836895 1.181102 2.046406
v 0.08366141 1.220472 2.031657
v 0.04805399 1.181102 2.046406
v 0.04805399 1.220472 2.046406
v 0.08366141 1.181102 2.031657
v -0.06397638 1.220472 2.031657
v -0.09455317 1.181102 2.008194
v -0.09455317 1.220472 2.008194
v -0.06397638 1.181102 2.031657
v 0.00984252 1.220472 2.051436
v -0.02836895 1.181102 2.046406
v -0.02836895 1.220472 2.046406
v 0.00984252 1.181102 2.051436
v 0.1142382 1.181102 1.799403
v 0.08366141 1.220472 1.77594
v 0.08366141 1.181102 1.77594
v 0.1142382 1.220472 1.799403
v 0.01528459 1.220472 1.487161
v 1.598721E-14 1.181102 1.489173
v 1.598721E-14 1.220472 1.489173
v 0.01528459 1.181102 1.487161
v -0.05704286 1.220472 1.414834
v -0.05905512 1.181102 1.430118
v -0.05704286 1.181102 1.414834
v -0.05905512 1.220472 1.430118
v -0.02952756 1.220472 1.481261
v -0.04175827 1.181102 1.471876
v -0.04175827 1.220472 1.471876
v -0.02952756 1.181102 1.481261
v 0.05905512 1.220472 1.430118
v 0.05704286 1.181102 1.414834
v 0.05905512 1.181102 1.430118
v 0.05704286 1.220472 1.414834
v 0.05114323 1.220472 1.400591
v 0.04175827 1.181102 1.38836
v 0.05114323 1.181102 1.400591
v 0.04175827 1.220472 1.38836
v 1.598721E-14 1.220472 1.489173
v -0.01528459 1.181102 1.487161
v -0.01528459 1.220472 1.487161
v 1.598721E-14 1.181102 1.489173
v 0.01528459 1.181102 1.373075
v 1.598721E-14 1.220472 1.371063
v 1.598721E-14 1.181102 1.371063
v 0.01528459 1.220472 1.373075
v 0.1142382 1.220472 2.008194
v 0.08366141 1.181102 2.031657
v 0.08366141 1.220472 2.031657
v 0.1142382 1.181102 2.008194
v -0.1327646 1.220472 1.94201
v -0.1180156 1.181102 1.977617
v -0.1327646 1.181102 1.94201
v -0.1180156 1.220472 1.977617
v 0.05114323 1.220472 1.459646
v 0.05704286 1.181102 1.445403
v 0.05114323 1.181102 1.459646
v 0.05704286 1.220472 1.445403
v -0.04175827 1.220472 1.38836
v -0.05114323 1.181102 1.400591
v -0.04175827 1.181102 1.38836
v -0.05114323 1.220472 1.400591
v -0.01528459 1.220472 1.487161
v -0.02952756 1.181102 1.481261
v -0.02952756 1.220472 1.481261
v -0.01528459 1.181102 1.487161
v -0.2559055 1.492814 0.7431102
v -0.1771654 1.500635 0.732918
v -0.2559055 1.500635 0.732918
v -0.1771654 1.492814 0.7431102
v -0.2559055 1.492814 0.7923228
v -0.1771654 1.487897 0.7804537
v -0.2559055 1.487897 0.7804537
v -0.1771654 1.492814 0.7923228
v -0.2559055 1.487897 0.7804537
v -0.1771654 1.48622 0.7677165
v -0.2559055 1.48622 0.7677165
v -0.1771654 1.487897 0.7804537
v -0.2559055 1.48622 0.7677165
v -0.1771654 1.487897 0.7549794
v -0.2559055 1.487897 0.7549794
v -0.1771654 1.48622 0.7677165
v -0.2559055 1.487897 0.7549794
v -0.1771654 1.492814 0.7431102
v -0.2559055 1.492814 0.7431102
v -0.1771654 1.487897 0.7549794
v -0.1771654 1.522696 0.8152522
v -0.2559055 1.510827 0.8103359
v -0.2559055 1.522696 0.8152522
v -0.1771654 1.510827 0.8103359
v -0.1771654 1.510827 0.8103359
v -0.2559055 1.500635 0.8025151
v -0.2559055 1.510827 0.8103359
v -0.1771654 1.500635 0.8025151
v 0.08366141 1.181102 1.77594
v 0.04805399 1.220472 1.761191
v 0.04805399 1.181102 1.761191
v 0.08366141 1.220472 1.77594
v 0.1574803 1.220472 1.903798
v 0.1524497 1.181102 1.865587
v 0.1574803 1.181102 1.903798
v 0.1524497 1.220472 1.865587
v 0.1377006 1.220472 1.82998
v 0.1142382 1.181102 1.799403
v 0.1377006 1.181102 1.82998
v 0.1142382 1.220472 1.799403
v -0.1771654 1.459376 0.7473371
v -0.1771654 1.459376 0.788096
v -0.1771654 1.456693 0.7677165
v -0.1771654 1.467242 0.7283465
v -0.1771654 1.467242 0.8070866
v -0.1771654 1.479755 0.7120388
v -0.1771654 1.479755 0.8233942
v -0.1771654 1.48622 0.7677165
v -0.1771654 1.487897 0.7549794
v -0.1771654 1.496063 0.6995255
v -0.1771654 1.492814 0.7431102
v -0.1771654 1.500635 0.732918
v -0.1771654 1.515054 0.6916594
v -0.1771654 1.510827 0.7250972
v -0.1771654 1.522696 0.7201808
v -0.1771654 1.535433 0.6889764
v -0.1771654 1.535433 0.718504
v -0.1771654 1.555812 0.6916594
v -0.1771654 1.54817 0.7201808
v -0.1771654 1.560039 0.7250972
v -0.1771654 1.574803 0.6995255
v -0.1771654 1.570232 0.732918
v -0.1771654 1.578052 0.7431102
v -0.1771654 1.591111 0.7120388
v -0.1771654 1.582969 0.7549794
v -0.1771654 1.584646 0.7677165
v -0.1771654 1.487897 0.7804537
v -0.1771654 1.496063 0.8359075
v -0.1771654 1.492814 0.7923228
v -0.1771654 1.500635 0.8025151
v -0.1771654 1.515054 0.8437737
v -0.1771654 1.510827 0.8103359
v -0.1771654 1.522696 0.8152522
v -0.1771654 1.535433 0.8464567
v -0.1771654 1.535433 0.8169292
v -0.1771654 1.54817 0.8152522
v -0.1771654 1.555812 0.8437737
v -0.1771654 1.560039 0.8103359
v -0.1771654 1.574803 0.8359075
v -0.1771654 1.570232 0.8025151
v -0.1771654 1.578052 0.7923228
v -0.1771654 1.591111 0.8233942
v -0.1771654 1.582969 0.7804537
v -0.1771654 1.603624 0.7283465
v -0.1771654 1.603624 0.8070866
v -0.1771654 1.61149 0.7473371
v -0.1771654 1.61149 0.788096
v -0.1771654 1.614173 0.7677165
v -0.1771654 1.54817 0.7201808
v -0.2559055 1.560039 0.7250972
v -0.2559055 1.54817 0.7201808
v -0.1771654 1.560039 0.7250972
v -0.1771654 1.535433 0.718504
v -0.2559055 1.54817 0.7201808
v -0.2559055 1.535433 0.718504
v -0.1771654 1.54817 0.7201808
v -0.1771654 1.584646 0.7677165
v -0.2559055 1.582969 0.7549794
v -0.1771654 1.582969 0.7549794
v -0.2559055 1.584646 0.7677165
v -0.1771654 1.578052 0.7431102
v -0.2559055 1.570232 0.732918
v -0.1771654 1.570232 0.732918
v -0.2559055 1.578052 0.7431102
v -0.1771654 1.479755 0.8233942
v -0.2165354 1.467242 0.8070866
v -0.1771654 1.467242 0.8070866
v -0.2165354 1.479755 0.8233942
v -0.2559055 1.500635 0.8025151
v -0.1771654 1.492814 0.7923228
v -0.2559055 1.492814 0.7923228
v -0.1771654 1.500635 0.8025151
v -0.1771654 1.578052 0.7923228
v -0.2559055 1.582969 0.7804537
v -0.1771654 1.582969 0.7804537
v -0.2559055 1.578052 0.7923228
v -0.1771654 1.570232 0.8025151
v -0.2559055 1.578052 0.7923228
v -0.1771654 1.578052 0.7923228
v -0.2559055 1.570232 0.8025151
v -0.1771654 1.570232 0.8025151
v -0.2559055 1.560039 0.8103359
v -0.2559055 1.570232 0.8025151
v -0.1771654 1.560039 0.8103359
v -0.1771654 1.560039 0.8103359
v -0.2559055 1.54817 0.8152522
v -0.2559055 1.560039 0.8103359
v -0.1771654 1.54817 0.8152522
v -0.1771654 1.54817 0.8152522
v -0.2559055 1.535433 0.8169292
v -0.2559055 1.54817 0.8152522
v -0.1771654 1.535433 0.8169292
v -0.1771654 1.522696 0.7201808
v -0.2559055 1.535433 0.718504
v -0.2559055 1.522696 0.7201808
v -0.1771654 1.535433 0.718504
v -0.1771654 1.500635 0.732918
v -0.2559055 1.510827 0.7250972
v -0.2559055 1.500635 0.732918
v -0.1771654 1.510827 0.7250972
v -0.1771654 1.535433 0.8169292
v -0.2559055 1.522696 0.8152522
v -0.2559055 1.535433 0.8169292
v -0.1771654 1.522696 0.8152522
v -0.1771654 1.560039 0.7250972
v -0.2559055 1.570232 0.732918
v -0.2559055 1.560039 0.7250972
v -0.1771654 1.570232 0.732918
v -0.1771654 1.510827 0.7250972
v -0.2559055 1.522696 0.7201808
v -0.2559055 1.510827 0.7250972
v -0.1771654 1.522696 0.7201808
v -0.1771654 1.555812 0.6916594
v -0.2165354 1.535433 0.6889764
v -0.2165354 1.555812 0.6916594
v -0.1771654 1.535433 0.6889764
v -0.1771654 1.500635 2.278449
v -0.2559055 1.510827 2.270628
v -0.2559055 1.500635 2.278449
v -0.1771654 1.510827 2.270628
v -0.1771654 1.578052 2.288641
v -0.2559055 1.570232 2.278449
v -0.1771654 1.570232 2.278449
v -0.2559055 1.578052 2.288641
v -0.2559055 1.48622 2.313247
v -0.1771654 1.487897 2.30051
v -0.2559055 1.487897 2.30051
v -0.1771654 1.48622 2.313247
v -0.2559055 1.487897 2.30051
v -0.1771654 1.492814 2.288641
v -0.2559055 1.492814 2.288641
v -0.1771654 1.487897 2.30051
v -0.1771654 1.522696 2.265712
v -0.2559055 1.535433 2.264035
v -0.2559055 1.522696 2.265712
v -0.1771654 1.535433 2.264035
v -0.1771654 1.54817 2.265712
v -0.2559055 1.560039 2.270628
v -0.2559055 1.54817 2.265712
v -0.1771654 1.560039 2.270628
v -0.1771654 1.582969 2.30051
v -0.2559055 1.578052 2.288641
v -0.1771654 1.578052 2.288641
v -0.2559055 1.582969 2.30051
v -0.1771654 1.584646 2.313247
v -0.2559055 1.582969 2.30051
v -0.1771654 1.582969 2.30051
v -0.2559055 1.584646 2.313247
v -0.2559055 1.500635 2.348046
v -0.1771654 1.492814 2.337853
v -0.2559055 1.492814 2.337853
v -0.1771654 1.500635 2.348046
v -0.2559055 1.492814 2.337853
v -0.1771654 1.487897 2.325984
v -0.2559055 1.487897 2.325984
v -0.1771654 1.492814 2.337853
v -0.2559055 1.487897 2.325984
v -0.1771654 1.48622 2.313247
v -0.2559055 1.48622 2.313247
v -0.1771654 1.487897 2.325984
v -0.2559055 1.492814 2.288641
v -0.1771654 1.500635 2.278449
v -0.2559055 1.500635 2.278449
v -0.1771654 1.492814 2.288641
v -0.1771654 1.582969 2.325984
v -0.2559055 1.584646 2.313247
v -0.1771654 1.584646 2.313247
v -0.2559055 1.582969 2.325984
v -0.1771654 1.578052 2.337853
v -0.2559055 1.582969 2.325984
v -0.1771654 1.582969 2.325984
v -0.2559055 1.578052 2.337853
v -0.1771654 1.570232 2.348046
v -0.2559055 1.578052 2.337853
v -0.1771654 1.578052 2.337853
v -0.2559055 1.570232 2.348046
v -0.1771654 1.570232 2.348046
v -0.2559055 1.560039 2.355867
v -0.2559055 1.570232 2.348046
v -0.1771654 1.560039 2.355867
v -0.1771654 1.560039 2.355867
v -0.2559055 1.54817 2.360783
v -0.2559055 1.560039 2.355867
v -0.1771654 1.54817 2.360783
v -0.1771654 1.54817 2.360783
v -0.2559055 1.535433 2.36246
v -0.2559055 1.54817 2.360783
v -0.1771654 1.535433 2.36246
v -0.1771654 1.535433 2.36246
v -0.2559055 1.522696 2.360783
v -0.2559055 1.535433 2.36246
v -0.1771654 1.522696 2.360783
v -0.1771654 1.522696 2.360783
v -0.2559055 1.510827 2.355867
v -0.2559055 1.522696 2.360783
v -0.1771654 1.510827 2.355867
v -0.1771654 1.510827 2.355867
v -0.2559055 1.500635 2.348046
v -0.2559055 1.510827 2.355867
v -0.1771654 1.500635 2.348046
v -0.1771654 1.560039 2.270628
v -0.2559055 1.570232 2.278449
v -0.2559055 1.560039 2.270628
v -0.1771654 1.570232 2.278449
v -0.1771654 1.496063 0.6995255
v -0.2165354 1.479755 0.7120388
v -0.2165354 1.496063 0.6995255
v -0.1771654 1.479755 0.7120388
v -0.1771654 1.459376 2.292868
v -0.1771654 1.459376 2.333627
v -0.1771654 1.456693 2.313247
v -0.1771654 1.467242 2.273877
v -0.1771654 1.467242 2.352617
v -0.1771654 1.479755 2.25757
v -0.1771654 1.479755 2.368925
v -0.1771654 1.48622 2.313247
v -0.1771654 1.487897 2.30051
v -0.1771654 1.496063 2.245056
v -0.1771654 1.492814 2.288641
v -0.1771654 1.500635 2.278449
v -0.1771654 1.515054 2.23719
v -0.1771654 1.510827 2.270628
v -0.1771654 1.522696 2.265712
v -0.1771654 1.535433 2.234507
v -0.1771654 1.535433 2.264035
v -0.1771654 1.555812 2.23719
v -0.1771654 1.54817 2.265712
v -0.1771654 1.560039 2.270628
v -0.1771654 1.574803 2.245056
v -0.1771654 1.570232 2.278449
v -0.1771654 1.578052 2.288641
v -0.1771654 1.591111 2.25757
v -0.1771654 1.582969 2.30051
v -0.1771654 1.584646 2.313247
v -0.1771654 1.487897 2.325984
v -0.1771654 1.496063 2.381438
v -0.1771654 1.492814 2.337853
v -0.1771654 1.500635 2.348046
v -0.1771654 1.515054 2.389304
v -0.1771654 1.510827 2.355867
v -0.1771654 1.522696 2.360783
v -0.1771654 1.535433 2.391987
v -0.1771654 1.535433 2.36246
v -0.1771654 1.54817 2.360783
v -0.1771654 1.555812 2.389304
v -0.1771654 1.560039 2.355867
v -0.1771654 1.574803 2.381438
v -0.1771654 1.570232 2.348046
v -0.1771654 1.578052 2.337853
v -0.1771654 1.591111 2.368925
v -0.1771654 1.582969 2.325984
v -0.1771654 1.603624 2.273877
v -0.1771654 1.603624 2.352617
v -0.1771654 1.61149 2.292868
v -0.1771654 1.61149 2.333627
v -0.1771654 1.614173 2.313247
v -0.1771654 1.456693 2.313247
v -0.2165354 1.459376 2.292868
v -0.1771654 1.459376 2.292868
v -0.2165354 1.456693 2.313247
v -0.1771654 1.555812 2.23719
v -0.2165354 1.535433 2.234507
v -0.2165354 1.555812 2.23719
v -0.1771654 1.535433 2.234507
v -0.1771654 1.459376 2.333627
v -0.2165354 1.456693 2.313247
v -0.1771654 1.456693 2.313247
v -0.2165354 1.459376 2.333627
v -0.1771654 1.535433 2.264035
v -0.2559055 1.54817 2.265712
v -0.2559055 1.535433 2.264035
v -0.1771654 1.54817 2.265712
v -0.1771654 1.510827 2.270628
v -0.2559055 1.522696 2.265712
v -0.2559055 1.510827 2.270628
v -0.1771654 1.522696 2.265712
v -0.1771654 1.591111 2.25757
v -0.2165354 1.574803 2.245056
v -0.2165354 1.591111 2.25757
v -0.1771654 1.574803 2.245056
v -0.1771654 1.515054 0.6916594
v -0.2165354 1.496063 0.6995255
v -0.2165354 1.515054 0.6916594
v -0.1771654 1.496063 0.6995255
v -0.1771654 1.496063 2.381438
v -0.2165354 1.515054 2.389304
v -0.2165354 1.496063 2.381438
v -0.1771654 1.515054 2.389304
v -0.2165354 1.614173 2.313247
v -0.1771654 1.61149 2.292868
v -0.2165354 1.61149 2.292868
v -0.1771654 1.614173 2.313247
v -0.2165354 1.220472 0.6102362
v -0.2165354 1.479755 0.7120388
v -0.2165354 1.220472 0.9251968
v -0.2165354 1.496063 0.6995255
v -0.2165354 1.515054 0.6916594
v -0.2165354 1.732283 0.6102362
v -0.2165354 1.467242 0.7283465
v -0.2165354 1.459376 0.7473371
v -0.2165354 1.456693 0.7677165
v -0.2165354 1.535433 0.6889764
v -0.2165354 1.555812 0.6916594
v -0.2165354 1.574803 0.6995255
v -0.2165354 1.591111 0.7120388
v -0.2165354 1.603624 0.7283465
v -0.2165354 1.61149 0.7473371
v -0.2165354 1.614173 0.7677165
v -0.2165354 1.515054 0.8437737
v -0.2165354 1.732283 0.9251968
v -0.2165354 1.496063 0.8359075
v -0.2165354 1.479755 0.8233942
v -0.2165354 1.467242 0.8070866
v -0.2165354 1.459376 0.788096
v -0.2165354 1.535433 0.8464567
v -0.2165354 1.555812 0.8437737
v -0.2165354 1.574803 0.8359075
v -0.2165354 1.591111 0.8233942
v -0.2165354 1.603624 0.8070866
v -0.2165354 1.61149 0.788096
v -0.1771654 1.515054 2.389304
v -0.2165354 1.535433 2.391987
v -0.2165354 1.515054 2.389304
v -0.1771654 1.535433 2.391987
v -0.1771654 1.555812 2.389304
v -0.2165354 1.574803 2.381438
v -0.2165354 1.555812 2.389304
v -0.1771654 1.574803 2.381438
v -0.2165354 1.61149 2.333627
v -0.1771654 1.614173 2.313247
v -0.2165354 1.614173 2.313247
v -0.1771654 1.61149 2.333627
v -0.2165354 1.603624 2.352617
v -0.1771654 1.61149 2.333627
v -0.2165354 1.61149 2.333627
v -0.1771654 1.603624 2.352617
v -0.1771654 1.574803 2.245056
v -0.2165354 1.555812 2.23719
v -0.2165354 1.574803 2.245056
v -0.1771654 1.555812 2.23719
v -0.2165354 1.61149 0.788096
v -0.1771654 1.614173 0.7677165
v -0.2165354 1.614173 0.7677165
v -0.1771654 1.61149 0.788096
v -0.2165354 1.603624 0.7283465
v -0.1771654 1.591111 0.7120388
v -0.2165354 1.591111 0.7120388
v -0.1771654 1.603624 0.7283465
v -0.1771654 1.496063 0.8359075
v -0.2165354 1.515054 0.8437737
v -0.2165354 1.496063 0.8359075
v -0.1771654 1.515054 0.8437737
v -0.1771654 1.459376 0.7473371
v -0.2165354 1.467242 0.7283465
v -0.1771654 1.467242 0.7283465
v -0.2165354 1.459376 0.7473371
v -0.1771654 1.555812 0.8437737
v -0.2165354 1.574803 0.8359075
v -0.2165354 1.555812 0.8437737
v -0.1771654 1.574803 0.8359075
v -0.2165354 1.614173 0.7677165
v -0.1771654 1.61149 0.7473371
v -0.2165354 1.61149 0.7473371
v -0.1771654 1.614173 0.7677165
v -0.1771654 1.456693 0.7677165
v -0.2165354 1.459376 0.7473371
v -0.1771654 1.459376 0.7473371
v -0.2165354 1.456693 0.7677165
v -0.1771654 1.535433 0.8464567
v -0.2165354 1.555812 0.8437737
v -0.2165354 1.535433 0.8464567
v -0.1771654 1.555812 0.8437737
v -0.1771654 1.467242 0.8070866
v -0.2165354 1.459376 0.788096
v -0.1771654 1.459376 0.788096
v -0.2165354 1.467242 0.8070866
v -0.1771654 1.515054 0.8437737
v -0.2165354 1.535433 0.8464567
v -0.2165354 1.515054 0.8437737
v -0.1771654 1.535433 0.8464567
v -0.2165354 1.61149 0.7473371
v -0.1771654 1.603624 0.7283465
v -0.2165354 1.603624 0.7283465
v -0.1771654 1.61149 0.7473371
v -0.1771654 1.574803 0.8359075
v -0.2165354 1.591111 0.8233942
v -0.2165354 1.574803 0.8359075
v -0.1771654 1.591111 0.8233942
v -0.1771654 1.479755 0.8233942
v -0.2165354 1.496063 0.8359075
v -0.2165354 1.479755 0.8233942
v -0.1771654 1.496063 0.8359075
v -0.1771654 1.574803 0.6995255
v -0.2165354 1.555812 0.6916594
v -0.2165354 1.574803 0.6995255
v -0.1771654 1.555812 0.6916594
v -0.1771654 1.591111 0.7120388
v -0.2165354 1.574803 0.6995255
v -0.2165354 1.591111 0.7120388
v -0.1771654 1.574803 0.6995255
v -0.2165354 1.591111 0.8233942
v -0.1771654 1.603624 0.8070866
v -0.2165354 1.603624 0.8070866
v -0.1771654 1.591111 0.8233942
v -0.2165354 1.603624 0.8070866
v -0.1771654 1.61149 0.788096
v -0.2165354 1.61149 0.788096
v -0.1771654 1.603624 0.8070866
v -0.1771654 1.459376 0.788096
v -0.2165354 1.456693 0.7677165
v -0.1771654 1.456693 0.7677165
v -0.2165354 1.459376 0.788096
v -0.1771654 1.535433 0.6889764
v -0.2165354 1.515054 0.6916594
v -0.2165354 1.535433 0.6889764
v -0.1771654 1.515054 0.6916594
v -0.1771654 1.467242 2.273877
v -0.2165354 1.479755 2.25757
v -0.1771654 1.479755 2.25757
v -0.2165354 1.467242 2.273877
v -0.1771654 1.515054 2.23719
v -0.2165354 1.496063 2.245056
v -0.2165354 1.515054 2.23719
v -0.1771654 1.496063 2.245056
v -0.1771654 1.496063 2.245056
v -0.2165354 1.479755 2.25757
v -0.2165354 1.496063 2.245056
v -0.1771654 1.479755 2.25757
v -0.1771654 1.459376 2.292868
v -0.2165354 1.467242 2.273877
v -0.1771654 1.467242 2.273877
v -0.2165354 1.459376 2.292868
v -0.1771654 1.467242 2.352617
v -0.2165354 1.459376 2.333627
v -0.1771654 1.459376 2.333627
v -0.2165354 1.467242 2.352617
v -0.2165354 1.603624 2.273877
v -0.1771654 1.591111 2.25757
v -0.2165354 1.591111 2.25757
v -0.1771654 1.603624 2.273877
v -0.1771654 1.479755 2.368925
v -0.2165354 1.467242 2.352617
v -0.1771654 1.467242 2.352617
v -0.2165354 1.479755 2.368925
v -0.1771654 1.467242 0.7283465
v -0.2165354 1.479755 0.7120388
v -0.1771654 1.479755 0.7120388
v -0.2165354 1.467242 0.7283465
v -0.1771654 1.535433 2.234507
v -0.2165354 1.515054 2.23719
v -0.2165354 1.535433 2.234507
v -0.1771654 1.515054 2.23719
v -0.2165354 1.591111 2.368925
v -0.1771654 1.603624 2.352617
v -0.2165354 1.603624 2.352617
v -0.1771654 1.591111 2.368925
v -0.1771654 1.574803 2.381438
v -0.2165354 1.591111 2.368925
v -0.2165354 1.574803 2.381438
v -0.1771654 1.591111 2.368925
v -0.1771654 1.535433 2.391987
v -0.2165354 1.555812 2.389304
v -0.2165354 1.535433 2.391987
v -0.1771654 1.555812 2.389304
v -0.2165354 1.61149 2.292868
v -0.1771654 1.603624 2.273877
v -0.2165354 1.603624 2.273877
v -0.1771654 1.61149 2.292868
v -0.1771654 1.582969 0.7549794
v -0.2559055 1.578052 0.7431102
v -0.1771654 1.578052 0.7431102
v -0.2559055 1.582969 0.7549794
v -0.1771654 1.479755 2.368925
v -0.2165354 1.496063 2.381438
v -0.2165354 1.479755 2.368925
v -0.1771654 1.496063 2.381438
v -0.2165354 1.220472 2.155767
v -0.2165354 1.479755 2.25757
v -0.2165354 1.220472 2.470727
v -0.2165354 1.496063 2.245056
v -0.2165354 1.515054 2.23719
v -0.2165354 1.732283 2.155767
v -0.2165354 1.467242 2.273877
v -0.2165354 1.459376 2.292868
v -0.2165354 1.456693 2.313247
v -0.2165354 1.535433 2.234507
v -0.2165354 1.555812 2.23719
v -0.2165354 1.574803 2.245056
v -0.2165354 1.591111 2.25757
v -0.2165354 1.603624 2.273877
v -0.2165354 1.61149 2.292868
v -0.2165354 1.614173 2.313247
v -0.2165354 1.515054 2.389304
v -0.2165354 1.732283 2.470727
v -0.2165354 1.496063 2.381438
v -0.2165354 1.479755 2.368925
v -0.2165354 1.467242 2.352617
v -0.2165354 1.459376 2.333627
v -0.2165354 1.535433 2.391987
v -0.2165354 1.555812 2.389304
v -0.2165354 1.574803 2.381438
v -0.2165354 1.591111 2.368925
v -0.2165354 1.603624 2.352617
v -0.2165354 1.61149 2.333627
v -0.2559055 1.181102 2.470727
v -0.2559055 1.510827 2.355867
v -0.2559055 1.181102 2.155767
v -0.2559055 1.732283 2.470727
v -0.2559055 1.500635 2.348046
v -0.2559055 1.492814 2.337853
v -0.2559055 1.487897 2.325984
v -0.2559055 1.48622 2.313247
v -0.2559055 1.522696 2.360783
v -0.2559055 1.535433 2.36246
v -0.2559055 1.54817 2.360783
v -0.2559055 1.560039 2.355867
v -0.2559055 1.570232 2.348046
v -0.2559055 1.578052 2.337853
v -0.2559055 1.582969 2.325984
v -0.2559055 1.584646 2.313247
v -0.2559055 1.510827 2.270628
v -0.2559055 1.732283 2.155767
v -0.2559055 1.500635 2.278449
v -0.2559055 1.492814 2.288641
v -0.2559055 1.487897 2.30051
v -0.2559055 1.522696 2.265712
v -0.2559055 1.535433 2.264035
v -0.2559055 1.54817 2.265712
v -0.2559055 1.560039 2.270628
v -0.2559055 1.570232 2.278449
v -0.2559055 1.578052 2.288641
v -0.2559055 1.582969 2.30051
v -0.2063457 1.220472 2.154425
v -0.2165354 1.181102 2.155767
v -0.2165354 1.220472 2.155767
v -0.2063457 1.181102 2.154425
v -0.1968504 1.220472 2.150492
v -0.2063457 1.181102 2.154425
v -0.2063457 1.220472 2.154425
v -0.1968504 1.181102 2.150492
v -0.1886966 1.220472 2.144236
v -0.1968504 1.181102 2.150492
v -0.1968504 1.220472 2.150492
v -0.1886966 1.181102 2.144236
v -0.1886966 1.220472 2.144236
v -0.1824399 1.181102 2.136082
v -0.1886966 1.181102 2.144236
v -0.1824399 1.220472 2.136082
v -0.1824399 1.220472 2.136082
v -0.1785069 1.181102 2.126586
v -0.1824399 1.181102 2.136082
v -0.1785069 1.220472 2.126586
v -0.1785069 1.220472 2.126586
v -0.1771654 1.181102 2.116397
v -0.1785069 1.181102 2.126586
v -0.1771654 1.220472 2.116397
v -0.1771654 1.220472 2.116397
v -0.1785069 1.181102 2.106207
v -0.1771654 1.181102 2.116397
v -0.1785069 1.220472 2.106207
v -0.1785069 1.220472 2.106207
v -0.1824399 1.181102 2.096712
v -0.1785069 1.181102 2.106207
v -0.1824399 1.220472 2.096712
v -0.1824399 1.220472 2.096712
v -0.1886966 1.181102 2.088558
v -0.1824399 1.181102 2.096712
v -0.1886966 1.220472 2.088558
v -0.1886966 1.181102 2.088558
v -0.1968504 1.220472 2.082301
v -0.1968504 1.181102 2.082301
v -0.1886966 1.220472 2.088558
v -0.1968504 1.181102 2.082301
v -0.2063457 1.220472 2.078368
v -0.2063457 1.181102 2.078368
v -0.1968504 1.220472 2.082301
v -0.2063457 1.181102 2.078368
v -0.2165354 1.220472 2.077027
v -0.2165354 1.181102 2.077027
v -0.2063457 1.220472 2.078368
v -0.2165354 1.732283 2.155767
v -0.2559055 1.181102 2.155767
v -0.2559055 1.732283 2.155767
v -0.2165354 1.181102 2.155767
v -0.2165354 1.220472 2.155767
v 0.2066929 1.181102 0.3149606
v -0.1870079 1.181102 0
v 0.2066929 1.181102 0
v -0.1870079 1.181102 0.3149606
v 0.3740157 1.181102 0.472441
v -0.3543307 1.181102 0.472441
v -0.2165354 1.181102 0.5708662
v 0.05704286 1.181102 1.414834
v 0.3740157 1.181102 2.490412
v -0.2165354 1.181102 0.6102362
v -0.2559055 1.181102 0.6102362
v 0.05114323 1.181102 1.400591
v -0.2165354 1.181102 0.9251968
v -0.2165354 1.181102 0.9645669
v 0.04175827 1.181102 1.38836
v -0.3543307 1.181102 0.9645669
v 0.02952756 1.181102 1.378975
v 0.01528459 1.181102 1.373075
v 1.598721E-14 1.181102 1.371063
v 0.05905512 1.181102 1.430118
v 0.05704286 1.181102 1.445403
v 0.05114323 1.181102 1.459646
v 0.04175827 1.181102 1.471876
v 0.02952756 1.181102 1.481261
v 0.1524497 1.181102 1.865587
v 0.01528459 1.181102 1.487161
v 1.598721E-14 1.181102 1.489173
v 0.1377006 1.181102 1.82998
v 0.1142382 1.181102 1.799403
v 0.08366141 1.181102 1.77594
v 0.04805399 1.181102 1.761191
v 0.00984252 1.181102 1.756161
v 0.1574803 1.181102 1.903798
v 0.1524497 1.181102 1.94201
v 0.1377006 1.181102 1.977617
v 0.1142382 1.181102 2.008194
v 0.08366141 1.181102 2.031657
v 0.04805399 1.181102 2.046406
v 0.00984252 1.181102 2.051436
v -0.1968504 1.181102 2.082301
v -0.2063457 1.181102 2.078368
v -0.2165354 1.181102 2.077027
v -0.1886966 1.181102 2.088558
v -0.1824399 1.181102 2.096712
v -0.1785069 1.181102 2.106207
v -0.1771654 1.181102 2.116397
v -0.1785069 1.181102 2.126586
v -0.1824399 1.181102 2.136082
v -0.1886966 1.181102 2.144236
v -0.1968504 1.181102 2.150492
v -0.2063457 1.181102 2.154425
v -0.2165354 1.181102 2.155767
v -0.2559055 1.181102 2.155767
v -0.2165354 1.181102 2.470727
v -0.2165354 1.181102 2.490412
v -0.2559055 1.181102 2.470727
v -0.05114323 1.181102 1.400591
v -0.3543307 1.181102 2.077027
v -0.04175827 1.181102 1.38836
v -0.02952756 1.181102 1.378975
v -0.01528459 1.181102 1.373075
v -0.05704286 1.181102 1.414834
v -0.05905512 1.181102 1.430118
v -0.05704286 1.181102 1.445403
v -0.05114323 1.181102 1.459646
v -0.04175827 1.181102 1.471876
v -0.02952756 1.181102 1.481261
v -0.01528459 1.181102 1.487161
v -0.09455317 1.181102 1.799403
v -0.06397638 1.181102 1.77594
v -0.02836895 1.181102 1.761191
v -0.1180156 1.181102 1.82998
v -0.1327646 1.181102 1.865587
v -0.1377953 1.181102 1.903798
v -0.1327646 1.181102 1.94201
v -0.1180156 1.181102 1.977617
v -0.09455317 1.181102 2.008194
v -0.06397638 1.181102 2.031657
v -0.02836895 1.181102 2.046406
v -0.2559055 1.181102 0.9251968
v -0.3543307 1.181102 0.5708662
v -0.3543307 1.220472 2.077027
v -0.3543307 1.181102 0.9645669
v -0.3543307 1.181102 2.077027
v -0.3543307 1.220472 0.9645669
v -0.2165354 1.181102 2.077027
v -0.3543307 1.220472 2.077027
v -0.3543307 1.181102 2.077027
v -0.2165354 1.220472 2.077027
v -0.3543307 1.220472 2.077027
v -0.2165354 1.220472 0.9645669
v -0.3543307 1.220472 0.9645669
v -0.05114323 1.220472 1.400591
v -0.04175827 1.220472 1.38836
v -0.02952756 1.220472 1.378975
v -0.01528459 1.220472 1.373075
v 1.598721E-14 1.220472 1.371063
v -0.05704286 1.220472 1.414834
v -0.05905512 1.220472 1.430118
v -0.05704286 1.220472 1.445403
v -0.05114323 1.220472 1.459646
v -0.04175827 1.220472 1.471876
v -0.02952756 1.220472 1.481261
v -0.01528459 1.220472 1.487161
v 1.598721E-14 1.220472 1.489173
v -0.09455317 1.220472 1.799403
v -0.06397638 1.220472 1.77594
v -0.02836895 1.220472 1.761191
v 0.00984252 1.220472 1.756161
v -0.1180156 1.220472 1.82998
v -0.1327646 1.220472 1.865587
v -0.1377953 1.220472 1.903798
v -0.1327646 1.220472 1.94201
v -0.1180156 1.220472 1.977617
v -0.09455317 1.220472 2.008194
v -0.06397638 1.220472 2.031657
v -0.02836895 1.220472 2.046406
v 0.00984252 1.220472 2.051436
v -0.1870079 1.220472 0.3149606
v 0.2066929 1.220472 0
v -0.1870079 1.220472 0
v 0.2066929 1.220472 0.3149606
v -0.3543307 1.220472 0.472441
v 0.3740157 1.220472 0.472441
v -0.3543307 1.220472 0.5708662
v -0.2165354 1.220472 0.5708662
v 0.05704286 1.220472 1.414834
v 0.3740157 1.220472 2.529783
v -0.2165354 1.220472 0.6102362
v 0.05114323 1.220472 1.400591
v -0.2165354 1.220472 0.9251968
v 0.04175827 1.220472 1.38836
v 0.02952756 1.220472 1.378975
v 0.01528459 1.220472 1.373075
v 0.05905512 1.220472 1.430118
v 0.05704286 1.220472 1.445403
v 0.05114323 1.220472 1.459646
v 0.04175827 1.220472 1.471876
v 0.02952756 1.220472 1.481261
v 0.1524497 1.220472 1.865587
v 0.01528459 1.220472 1.487161
v 0.1377006 1.220472 1.82998
v 0.1142382 1.220472 1.799403
v 0.08366141 1.220472 1.77594
v 0.04805399 1.220472 1.761191
v 0.1574803 1.220472 1.903798
v 0.1524497 1.220472 1.94201
v 0.1377006 1.220472 1.977617
v 0.1142382 1.220472 2.008194
v 0.08366141 1.220472 2.031657
v 0.04805399 1.220472 2.046406
v -0.1886966 1.220472 2.088558
v -0.1968504 1.220472 2.082301
v -0.2063457 1.220472 2.078368
v -0.2165354 1.220472 2.077027
v -0.1824399 1.220472 2.096712
v -0.1785069 1.220472 2.106207
v -0.1771654 1.220472 2.116397
v -0.1785069 1.220472 2.126586
v -0.1824399 1.220472 2.136082
v -0.1886966 1.220472 2.144236
v -0.1968504 1.220472 2.150492
v -0.2063457 1.220472 2.154425
v -0.2165354 1.220472 2.155767
v -0.2165354 1.220472 2.470727
v -0.2165354 1.220472 2.529783
v 0.1574803 1.499769 1.392943
v 0.1181102 1.466535 1.379177
v 0.1574803 1.466535 1.379177
v 0.1181102 1.499769 1.392943
v 0.1574803 1.535433 1.397638
v 0.1181102 1.499769 1.392943
v 0.1574803 1.499769 1.392943
v 0.1181102 1.535433 1.397638
v 0.1574803 1.571097 1.392943
v 0.1181102 1.535433 1.397638
v 0.1574803 1.535433 1.397638
v 0.1181102 1.571097 1.392943
v 0.1574803 1.604331 1.379177
v 0.1181102 1.571097 1.392943
v 0.1574803 1.571097 1.392943
v 0.1181102 1.604331 1.379177
v 0.1574803 1.632869 1.357278
v 0.1181102 1.604331 1.379177
v 0.1574803 1.604331 1.379177
v 0.1181102 1.632869 1.357278
v 0.1574803 1.632869 1.357278
v 0.1181102 1.654767 1.32874
v 0.1181102 1.632869 1.357278
v 0.1574803 1.654767 1.32874
v 0.1574803 1.654767 1.32874
v 0.1181102 1.668533 1.295507
v 0.1181102 1.654767 1.32874
v 0.1574803 1.668533 1.295507
v 4.029358E-16 1.545623 1.297871
v 4.029358E-16 1.525243 1.297871
v 4.043135E-16 1.535433 1.299213
v 3.988967E-16 1.555118 1.293938
v 3.988967E-16 1.515748 1.293938
v 3.924714E-16 1.563272 1.287681
v 3.924714E-16 1.507594 1.287681
v 3.840978E-16 1.569529 1.279528
v 3.840978E-16 1.501338 1.279528
v 3.743466E-16 1.573462 1.270032
v 3.743466E-16 1.497404 1.270032
v 3.638822E-16 1.574803 1.259843
v 3.638822E-16 1.496063 1.259843
v 3.534177E-16 1.573462 1.249653
v 3.534177E-16 1.497404 1.249653
v 3.436665E-16 1.569529 1.240157
v 3.436665E-16 1.501338 1.240157
v 3.352929E-16 1.563272 1.232004
v 3.352929E-16 1.507594 1.232004
v 3.288676E-16 1.555118 1.225747
v 3.288676E-16 1.515748 1.225747
v 3.248285E-16 1.545623 1.221814
v 3.248285E-16 1.525243 1.221814
v 3.234508E-16 1.535433 1.220472
v 0.1181102 1.654767 1.32874
v 0.1181102 1.535433 1.338583
v 0.1181102 1.632869 1.357278
v 0.1181102 1.555812 1.3359
v 0.1181102 1.574803 1.328033
v 0.1181102 1.668533 1.295507
v 0.1181102 1.591111 1.31552
v 0.1181102 1.603624 1.299213
v 0.1181102 1.61149 1.280222
v 0.1181102 1.673228 1.259843
v 0.1181102 1.614173 1.259843
v 0.1181102 1.668533 1.224178
v 0.1181102 1.61149 1.239463
v 0.1181102 1.603624 1.220472
v 0.1181102 1.654767 1.190945
v 0.1181102 1.591111 1.204165
v 0.1181102 1.574803 1.191652
v 0.1181102 1.555812 1.183785
v 0.1181102 1.632869 1.162407
v 0.1181102 1.535433 1.181102
v 0.1181102 1.437997 1.162407
v 0.1181102 1.466535 1.140508
v 0.1181102 1.604331 1.140508
v 0.1181102 1.499769 1.126742
v 0.1181102 1.571097 1.126742
v 0.1181102 1.535433 1.122047
v 0.1181102 1.571097 1.392943
v 0.1181102 1.499769 1.392943
v 0.1181102 1.535433 1.397638
v 0.1181102 1.604331 1.379177
v 0.1181102 1.466535 1.379177
v 0.1181102 1.437997 1.357278
v 0.1181102 1.416099 1.32874
v 0.1181102 1.515054 1.3359
v 0.1181102 1.496063 1.328033
v 0.1181102 1.402333 1.295507
v 0.1181102 1.479755 1.31552
v 0.1181102 1.467242 1.299213
v 0.1181102 1.459376 1.280222
v 0.1181102 1.397638 1.259843
v 0.1181102 1.456693 1.259843
v 0.1181102 1.402333 1.224178
v 0.1181102 1.459376 1.239463
v 0.1181102 1.467242 1.220472
v 0.1181102 1.416099 1.190945
v 0.1181102 1.479755 1.204165
v 0.1181102 1.496063 1.191652
v 0.1181102 1.515054 1.183785
v 0.1574803 1.499769 1.392943
v 0.1574803 1.571097 1.392943
v 0.1574803 1.535433 1.397638
v 0.1574803 1.466535 1.379177
v 0.1574803 1.604331 1.379177
v 0.1574803 1.437997 1.357278
v 0.1574803 1.632869 1.357278
v 0.1574803 1.416099 1.32874
v 0.1574803 1.654767 1.32874
v 0.1574803 1.402333 1.295507
v 0.1574803 1.535433 1.309055
v 0.1574803 1.522696 1.307378
v 0.1574803 1.510827 1.302462
v 0.1574803 1.500635 1.294641
v 0.1574803 1.397638 1.259843
v 0.1574803 1.492814 1.284449
v 0.1574803 1.487897 1.27258
v 0.1574803 1.48622 1.259843
v 0.1574803 1.402333 1.224178
v 0.1574803 1.487897 1.247105
v 0.1574803 1.492814 1.235236
v 0.1574803 1.500635 1.225044
v 0.1574803 1.510827 1.217223
v 0.1574803 1.416099 1.190945
v 0.1574803 1.522696 1.212307
v 0.1574803 1.535433 1.21063
v 0.1574803 1.668533 1.295507
v 0.1574803 1.54817 1.307378
v 0.1574803 1.560039 1.302462
v 0.1574803 1.570232 1.294641
v 0.1574803 1.673228 1.259843
v 0.1574803 1.578052 1.284449
v 0.1574803 1.582969 1.27258
v 0.1574803 1.584646 1.259843
v 0.1574803 1.582969 1.247105
v 0.1574803 1.668533 1.224178
v 0.1574803 1.578052 1.235236
v 0.1574803 1.570232 1.225044
v 0.1574803 1.560039 1.217223
v 0.1574803 1.654767 1.190945
v 0.1574803 1.54817 1.212307
v 0.1574803 1.437997 1.162407
v 0.1574803 1.632869 1.162407
v 0.1574803 1.466535 1.140508
v 0.1574803 1.604331 1.140508
v 0.1574803 1.499769 1.126742
v 0.1574803 1.571097 1.126742
v 0.1574803 1.535433 1.122047
v 0.1574803 1.668533 1.295507
v 0.1181102 1.673228 1.259843
v 0.1181102 1.668533 1.295507
v 0.1574803 1.673228 1.259843
v 0.1574803 1.673228 1.259843
v 0.1181102 1.668533 1.224178
v 0.1181102 1.673228 1.259843
v 0.1574803 1.668533 1.224178
v 0.1574803 1.668533 1.224178
v 0.1181102 1.654767 1.190945
v 0.1181102 1.668533 1.224178
v 0.1574803 1.654767 1.190945
v 0.1574803 1.654767 1.190945
v 0.1181102 1.632869 1.162407
v 0.1181102 1.654767 1.190945
v 0.1574803 1.632869 1.162407
v 0.1181102 1.632869 1.162407
v 0.1574803 1.604331 1.140508
v 0.1181102 1.604331 1.140508
v 0.1574803 1.632869 1.162407
v 0.1181102 1.604331 1.140508
v 0.1574803 1.571097 1.126742
v 0.1181102 1.571097 1.126742
v 0.1574803 1.604331 1.140508
v 0.1181102 1.571097 1.126742
v 0.1574803 1.535433 1.122047
v 0.1181102 1.535433 1.122047
v 0.1574803 1.571097 1.126742
v 0.1181102 1.535433 1.122047
v 0.1574803 1.499769 1.126742
v 0.1181102 1.499769 1.126742
v 0.1574803 1.535433 1.122047
v 0.1181102 1.499769 1.126742
v 0.1574803 1.466535 1.140508
v 0.1181102 1.466535 1.140508
v 0.1574803 1.499769 1.126742
v 0.1574803 1.402333 1.224178
v 0.1181102 1.397638 1.259843
v 0.1181102 1.402333 1.224178
v 0.1574803 1.397638 1.259843
v 0.1574803 1.397638 1.259843
v 0.1181102 1.402333 1.295507
v 0.1181102 1.397638 1.259843
v 0.1574803 1.402333 1.295507
v 0.1574803 1.402333 1.295507
v 0.1181102 1.416099 1.32874
v 0.1181102 1.402333 1.295507
v 0.1574803 1.416099 1.32874
v 0.1574803 1.416099 1.32874
v 0.1181102 1.437997 1.357278
v 0.1181102 1.416099 1.32874
v 0.1574803 1.437997 1.357278
v 0.1574803 1.466535 1.379177
v 0.1181102 1.437997 1.357278
v 0.1574803 1.437997 1.357278
v 0.1181102 1.466535 1.379177
v 0.1181102 1.466535 1.140508
v 0.1574803 1.437997 1.162407
v 0.1181102 1.437997 1.162407
v 0.1574803 1.466535 1.140508
v 0.1574803 1.437997 1.162407
v 0.1181102 1.416099 1.190945
v 0.1181102 1.437997 1.162407
v 0.1574803 1.416099 1.190945
v 0.1574803 1.416099 1.190945
v 0.1181102 1.402333 1.224178
v 0.1181102 1.416099 1.190945
v 0.1574803 1.402333 1.224178
v 0.1181102 1.515054 1.3359
v 0.1181102 1.555812 1.3359
v 0.1181102 1.535433 1.338583
v 0.1181102 1.496063 1.328033
v 0.1181102 1.574803 1.328033
v 0.1181102 1.479755 1.31552
v 0.1181102 1.591111 1.31552
v 0.1181102 1.467242 1.299213
v 0.1181102 1.603624 1.299213
v 0.1181102 1.459376 1.280222
v 0.1181102 1.61149 1.280222
v 0.1181102 1.456693 1.259843
v 0.1181102 1.614173 1.259843
v 0.1181102 1.459376 1.239463
v 0.1181102 1.61149 1.239463
v 0.1181102 1.467242 1.220472
v 0.1181102 1.603624 1.220472
v 0.1181102 1.479755 1.204165
v 0.1181102 1.591111 1.204165
v 0.1181102 1.496063 1.191652
v 0.1181102 1.574803 1.191652
v 0.1181102 1.515054 1.183785
v 0.1181102 1.555812 1.183785
v 0.1181102 1.535433 1.181102
v 0.01968504 1.603624 1.299213
v 3.924714E-16 1.563272 1.287681
v 0.01968504 1.591111 1.31552
v 3.840978E-16 1.569529 1.279528
v 0.1181102 1.603624 1.299213
v 0.01968504 1.61149 1.280222
v 0.01968504 1.603624 1.299213
v 0.1181102 1.61149 1.280222
v 0.1181102 1.456693 1.259843
v 0.01968504 1.459376 1.280222
v 0.01968504 1.456693 1.259843
v 0.1181102 1.459376 1.280222
v 0.01968504 1.574803 1.191652
v 3.248285E-16 1.545623 1.221814
v 3.288676E-16 1.555118 1.225747
v 0.01968504 1.555812 1.183785
v 3.743466E-16 1.497404 1.270032
v 0.01968504 1.456693 1.259843
v 0.01968504 1.459376 1.280222
v 3.638822E-16 1.496063 1.259843
v 0.1181102 1.467242 1.299213
v 0.01968504 1.479755 1.31552
v 0.01968504 1.467242 1.299213
v 0.1181102 1.479755 1.31552
v 0.01968504 1.603624 1.220472
v 3.352929E-16 1.563272 1.232004
v 3.436665E-16 1.569529 1.240157
v 0.01968504 1.591111 1.204165
v 0.1181102 1.61149 1.280222
v 0.01968504 1.614173 1.259843
v 0.01968504 1.61149 1.280222
v 0.1181102 1.614173 1.259843
v 0.1181102 1.459376 1.280222
v 0.01968504 1.467242 1.299213
v 0.01968504 1.459376 1.280222
v 0.1181102 1.467242 1.299213
v 0.01968504 1.614173 1.259843
v 3.743466E-16 1.573462 1.270032
v 0.01968504 1.61149 1.280222
v 3.638822E-16 1.574803 1.259843
v 0.1181102 1.535433 1.338583
v 0.01968504 1.515054 1.3359
v 0.1181102 1.515054 1.3359
v 0.01968504 1.535433 1.338583
v 0.1181102 1.467242 1.220472
v 0.01968504 1.459376 1.239463
v 0.01968504 1.467242 1.220472
v 0.1181102 1.459376 1.239463
v 0.1181102 1.555812 1.3359
v 0.01968504 1.574803 1.328033
v 0.01968504 1.555812 1.3359
v 0.1181102 1.574803 1.328033
v 0.01968504 1.574803 1.191652
v 0.1181102 1.555812 1.183785
v 0.01968504 1.555812 1.183785
v 0.1181102 1.574803 1.191652
v 0.1181102 1.603624 1.220472
v 0.01968504 1.591111 1.204165
v 0.01968504 1.603624 1.220472
v 0.1181102 1.591111 1.204165
v 0.01968504 1.496063 1.191652
v 0.1181102 1.479755 1.204165
v 0.01968504 1.479755 1.204165
v 0.1181102 1.496063 1.191652
v 0.1181102 1.614173 1.259843
v 0.01968504 1.61149 1.239463
v 0.01968504 1.614173 1.259843
v 0.1181102 1.61149 1.239463
v 0.1181102 1.515054 1.3359
v 0.01968504 1.496063 1.328033
v 0.1181102 1.496063 1.328033
v 0.01968504 1.515054 1.3359
v 0.01968504 1.61149 1.239463
v 3.638822E-16 1.574803 1.259843
v 0.01968504 1.614173 1.259843
v 3.534177E-16 1.573462 1.249653
v 0.1181102 1.574803 1.328033
v 0.01968504 1.591111 1.31552
v 0.01968504 1.574803 1.328033
v 0.1181102 1.591111 1.31552
v 3.988967E-16 1.515748 1.293938
v 0.01968504 1.479755 1.31552
v 0.01968504 1.496063 1.328033
v 3.924714E-16 1.507594 1.287681
v 0.01968504 1.591111 1.204165
v 3.288676E-16 1.555118 1.225747
v 3.352929E-16 1.563272 1.232004
v 0.01968504 1.574803 1.191652
v 0.3149606 1.584646 1.259843
v 0.1574803 1.582969 1.247105
v 0.1574803 1.584646 1.259843
v 0.3149606 1.582969 1.247105
v 0.3149606 1.582969 1.247105
v 0.1574803 1.578052 1.235236
v 0.1574803 1.582969 1.247105
v 0.3149606 1.578052 1.235236
v 0.3149606 1.578052 1.235236
v 0.1574803 1.570232 1.225044
v 0.1574803 1.578052 1.235236
v 0.3149606 1.570232 1.225044
v 0.1574803 1.570232 1.225044
v 0.3149606 1.560039 1.217223
v 0.1574803 1.560039 1.217223
v 0.3149606 1.570232 1.225044
v 0.3149606 1.48622 1.259843
v 0.1574803 1.487897 1.27258
v 0.1574803 1.48622 1.259843
v 0.3149606 1.487897 1.27258
v 0.3149606 1.492814 1.235236
v 0.1574803 1.487897 1.247105
v 0.1574803 1.492814 1.235236
v 0.3149606 1.487897 1.247105
v 0.3149606 1.487897 1.247105
v 0.1574803 1.48622 1.259843
v 0.1574803 1.487897 1.247105
v 0.3149606 1.48622 1.259843
v 0.3149606 1.492814 1.284449
v 0.1574803 1.500635 1.294641
v 0.1574803 1.492814 1.284449
v 0.3149606 1.500635 1.294641
v 0.3149606 1.54817 1.307378
v 0.1574803 1.535433 1.309055
v 0.3149606 1.535433 1.309055
v 0.1574803 1.54817 1.307378
v 0.3149606 1.500635 1.225044
v 0.1574803 1.492814 1.235236
v 0.1574803 1.500635 1.225044
v 0.3149606 1.492814 1.235236
v 0.3149606 1.522696 1.307378
v 0.3149606 1.54817 1.307378
v 0.3149606 1.535433 1.309055
v 0.3149606 1.510827 1.302462
v 0.3149606 1.560039 1.302462
v 0.3149606 1.500635 1.294641
v 0.3149606 1.570232 1.294641
v 0.3149606 1.492814 1.284449
v 0.3149606 1.578052 1.284449
v 0.3149606 1.487897 1.27258
v 0.3149606 1.582969 1.27258
v 0.3149606 1.48622 1.259843
v 0.3149606 1.584646 1.259843
v 0.3149606 1.487897 1.247105
v 0.3149606 1.582969 1.247105
v 0.3149606 1.492814 1.235236
v 0.3149606 1.578052 1.235236
v 0.3149606 1.500635 1.225044
v 0.3149606 1.570232 1.225044
v 0.3149606 1.510827 1.217223
v 0.3149606 1.560039 1.217223
v 0.3149606 1.522696 1.212307
v 0.3149606 1.54817 1.212307
v 0.3149606 1.535433 1.21063
v 0.3149606 1.578052 1.284449
v 0.1574803 1.582969 1.27258
v 0.1574803 1.578052 1.284449
v 0.3149606 1.582969 1.27258
v 0.3149606 1.487897 1.27258
v 0.1574803 1.492814 1.284449
v 0.1574803 1.487897 1.27258
v 0.3149606 1.492814 1.284449
v 0.3149606 1.570232 1.294641
v 0.1574803 1.560039 1.302462
v 0.3149606 1.560039 1.302462
v 0.1574803 1.570232 1.294641
v 0.3149606 1.582969 1.27258
v 0.1574803 1.584646 1.259843
v 0.1574803 1.582969 1.27258
v 0.3149606 1.584646 1.259843
v 0.1574803 1.54817 1.212307
v 0.3149606 1.535433 1.21063
v 0.1574803 1.535433 1.21063
v 0.3149606 1.54817 1.212307
v 0.3149606 1.522696 1.307378
v 0.1574803 1.510827 1.302462
v 0.3149606 1.510827 1.302462
v 0.1574803 1.522696 1.307378
v 0.1574803 1.560039 1.217223
v 0.3149606 1.54817 1.212307
v 0.1574803 1.54817 1.212307
v 0.3149606 1.560039 1.217223
v 0.3149606 1.510827 1.302462
v 0.1574803 1.500635 1.294641
v 0.3149606 1.500635 1.294641
v 0.1574803 1.510827 1.302462
v 0.1574803 1.522696 1.212307
v 0.3149606 1.510827 1.217223
v 0.1574803 1.510827 1.217223
v 0.3149606 1.522696 1.212307
v 0.3149606 1.570232 1.294641
v 0.1574803 1.578052 1.284449
v 0.1574803 1.570232 1.294641
v 0.3149606 1.578052 1.284449
v 0.1574803 1.535433 1.21063
v 0.3149606 1.522696 1.212307
v 0.1574803 1.522696 1.212307
v 0.3149606 1.535433 1.21063
v 0.1574803 1.510827 1.217223
v 0.3149606 1.500635 1.225044
v 0.1574803 1.500635 1.225044
v 0.3149606 1.510827 1.217223
v 4.043135E-16 1.535433 1.299213
v 0.01968504 1.515054 1.3359
v 0.01968504 1.535433 1.338583
v 4.029358E-16 1.525243 1.297871
v 3.638822E-16 1.496063 1.259843
v 0.01968504 1.459376 1.239463
v 0.01968504 1.456693 1.259843
v 3.534177E-16 1.497404 1.249653
v 0.1181102 1.479755 1.204165
v 0.01968504 1.467242 1.220472
v 0.01968504 1.479755 1.204165
v 0.1181102 1.467242 1.220472
v 0.1181102 1.61149 1.239463
v 0.01968504 1.603624 1.220472
v 0.01968504 1.61149 1.239463
v 0.1181102 1.603624 1.220472
v 0.01968504 1.555812 1.3359
v 4.043135E-16 1.535433 1.299213
v 0.01968504 1.535433 1.338583
v 4.029358E-16 1.545623 1.297871
v 0.01968504 1.591111 1.31552
v 3.988967E-16 1.555118 1.293938
v 0.01968504 1.574803 1.328033
v 3.924714E-16 1.563272 1.287681
v 3.234508E-16 1.535433 1.220472
v 0.01968504 1.515054 1.183785
v 3.248285E-16 1.525243 1.221814
v 0.01968504 1.535433 1.181102
v 3.352929E-16 1.507594 1.232004
v 0.01968504 1.467242 1.220472
v 3.436665E-16 1.501338 1.240157
v 0.01968504 1.479755 1.204165
v 0.01968504 1.61149 1.280222
v 3.840978E-16 1.569529 1.279528
v 0.01968504 1.603624 1.299213
v 3.743466E-16 1.573462 1.270032
v 0.01968504 1.535433 1.181102
v 0.1181102 1.555812 1.183785
v 0.1181102 1.535433 1.181102
v 0.01968504 1.555812 1.183785
v 3.288676E-16 1.515748 1.225747
v 0.01968504 1.479755 1.204165
v 3.352929E-16 1.507594 1.232004
v 0.01968504 1.496063 1.191652
v 0.01968504 1.496063 1.191652
v 0.1181102 1.515054 1.183785
v 0.1181102 1.496063 1.191652
v 0.01968504 1.515054 1.183785
v 0.01968504 1.61149 1.239463
v 3.436665E-16 1.569529 1.240157
v 3.534177E-16 1.573462 1.249653
v 0.01968504 1.603624 1.220472
v 0.01968504 1.535433 1.181102
v 0.1181102 1.515054 1.183785
v 0.01968504 1.515054 1.183785
v 0.1181102 1.535433 1.181102
v 3.436665E-16 1.501338 1.240157
v 0.01968504 1.459376 1.239463
v 3.534177E-16 1.497404 1.249653
v 0.01968504 1.467242 1.220472
v 0.1181102 1.555812 1.3359
v 0.01968504 1.535433 1.338583
v 0.1181102 1.535433 1.338583
v 0.01968504 1.555812 1.3359
v 3.924714E-16 1.507594 1.287681
v 0.01968504 1.467242 1.299213
v 0.01968504 1.479755 1.31552
v 3.840978E-16 1.501338 1.279528
v 3.248285E-16 1.525243 1.221814
v 0.01968504 1.496063 1.191652
v 3.288676E-16 1.515748 1.225747
v 0.01968504 1.515054 1.183785
v 0.3149606 1.560039 1.302462
v 0.1574803 1.54817 1.307378
v 0.3149606 1.54817 1.307378
v 0.1574803 1.560039 1.302462
v 0.3149606 1.535433 1.309055
v 0.1574803 1.522696 1.307378
v 0.3149606 1.522696 1.307378
v 0.1574803 1.535433 1.309055
v 0.01968504 1.555812 1.183785
v 3.234508E-16 1.535433 1.220472
v 3.248285E-16 1.545623 1.221814
v 0.01968504 1.535433 1.181102
v 4.029358E-16 1.525243 1.297871
v 0.01968504 1.496063 1.328033
v 0.01968504 1.515054 1.3359
v 3.988967E-16 1.515748 1.293938
v 0.1181102 1.459376 1.239463
v 0.01968504 1.456693 1.259843
v 0.01968504 1.459376 1.239463
v 0.1181102 1.456693 1.259843
v 3.840978E-16 1.501338 1.279528
v 0.01968504 1.459376 1.280222
v 0.01968504 1.467242 1.299213
v 3.743466E-16 1.497404 1.270032
v 0.01968504 1.574803 1.328033
v 4.029358E-16 1.545623 1.297871
v 0.01968504 1.555812 1.3359
v 3.988967E-16 1.555118 1.293938
v 0.01968504 1.591111 1.204165
v 0.1181102 1.574803 1.191652
v 0.01968504 1.574803 1.191652
v 0.1181102 1.591111 1.204165
v 0.1181102 1.591111 1.31552
v 0.01968504 1.603624 1.299213
v 0.01968504 1.591111 1.31552
v 0.1181102 1.603624 1.299213
v 0.1181102 1.479755 1.31552
v 0.01968504 1.496063 1.328033
v 0.01968504 1.479755 1.31552
v 0.1181102 1.496063 1.328033
v 0.3704346 1.161417 2.358141
v 0.3661417 0.9448819 2.390748
v 0.3661417 1.161417 2.390748
v 0.3704346 0.9448819 2.358141
v 0.5812103 1.161417 2.479832
v 0.5551181 0.9448819 2.499854
v 0.5812103 0.9448819 2.479832
v 0.5551181 1.161417 2.499854
v 0.5551181 1.161417 2.499854
v 0.5247331 0.9448819 2.512439
v 0.5551181 0.9448819 2.499854
v 0.5247331 1.161417 2.512439
v 0.5247331 1.161417 2.512439
v 0.492126 0.9448819 2.516732
v 0.5247331 0.9448819 2.512439
v 0.492126 1.161417 2.516732
v 0.3543307 1.507799 2.300272
v 0.3149606 1.528133 2.326772
v 0.3149606 1.507799 2.300272
v 0.3543307 1.528133 2.326772
v 0.3149606 1.353346 2.501558
v 0.3543307 1.326847 2.481224
v 0.3149606 1.326847 2.481224
v 0.3543307 1.353346 2.501558
v 0.3830204 1.161417 2.45374
v 0.4030417 0.9448819 2.479832
v 0.4030417 1.161417 2.479832
v 0.3830204 0.9448819 2.45374
v 0.5060454 0.9448819 2.376829
v 0.5091738 1.062992 2.380906
v 0.5091738 0.9448819 2.380906
v 0.5060454 1.062992 2.376829
v 0.2362205 1.555118 2.252953
v 0.3149606 1.279528 2.252953
v 0.2362205 1.279528 2.252953
v 0.3149606 1.555118 2.252953
v 0.3149606 1.555118 2.528543
v 0.2362205 1.555118 2.252953
v 0.2362205 1.555118 2.528543
v 0.3149606 1.555118 2.252953
v 0.6029363 1.161417 2.454724
v 0.5826023 1.279528 2.481224
v 0.5826023 1.161417 2.481224
v 0.6029363 1.279528 2.454724
v 0.3149606 1.555118 2.528543
v 0.2362205 1.279528 2.528543
v 0.3149606 1.279528 2.528543
v 0.2362205 1.555118 2.528543
v 0.6299213 1.279528 2.252953
v 0.6299213 1.555118 2.528543
v 0.6299213 1.279528 2.528543
v 0.6299213 1.555118 2.252953
v 0.3813156 1.279528 2.326772
v 0.3685331 1.161417 2.357631
v 0.3685331 1.279528 2.357631
v 0.3813156 1.161417 2.326772
v 0.4750783 1.062992 2.380906
v 0.4731117 0.9448819 2.385653
v 0.4731117 1.062992 2.385653
v 0.4750783 0.9448819 2.380906
v 0.3149606 1.481299 2.501558
v 0.3543307 1.450439 2.514341
v 0.3149606 1.450439 2.514341
v 0.3543307 1.481299 2.501558
v 0.6299213 1.555118 2.528543
v 0.3543307 1.279528 2.528543
v 0.6299213 1.279528 2.528543
v 0.3543307 1.555118 2.528543
v 0.4281496 1.279528 2.279938
v 0.4590094 1.161417 2.267155
v 0.4281496 1.161417 2.279938
v 0.4590094 1.279528 2.267155
v 0.5812103 0.9448819 2.301664
v 0.6012316 1.161417 2.327756
v 0.6012316 0.9448819 2.327756
v 0.5812103 1.161417 2.301664
v 0.6012316 0.9448819 2.327756
v 0.6138175 1.161417 2.358141
v 0.6138175 0.9448819 2.358141
v 0.6012316 1.161417 2.327756
v 0.3543307 1.555118 2.528543
v 0.3543307 1.417323 2.518701
v 0.3543307 1.279528 2.528543
v 0.3543307 1.450439 2.514341
v 0.3543307 1.481299 2.501558
v 0.3543307 1.507799 2.481224
v 0.3543307 1.528133 2.454724
v 0.3543307 1.540916 2.423865
v 0.3543307 1.545276 2.390748
v 0.3543307 1.555118 2.252953
v 0.3543307 1.540916 2.357631
v 0.3543307 1.528133 2.326772
v 0.3543307 1.507799 2.300272
v 0.3543307 1.481299 2.279938
v 0.3543307 1.450439 2.267155
v 0.3543307 1.417323 2.262795
v 0.3543307 1.28937 2.390748
v 0.3543307 1.279528 2.252953
v 0.3543307 1.29373 2.423865
v 0.3543307 1.306512 2.454724
v 0.3543307 1.326847 2.481224
v 0.3543307 1.353346 2.501558
v 0.3543307 1.384206 2.514341
v 0.3543307 1.29373 2.357631
v 0.3543307 1.306512 2.326772
v 0.3543307 1.326847 2.300272
v 0.3543307 1.353346 2.279938
v 0.3543307 1.384206 2.267155
v 0.3543307 1.279528 2.252953
v 0.3685331 1.279528 2.357631
v 0.3641732 1.279528 2.390748
v 0.3813156 1.279528 2.326772
v 0.4016497 1.279528 2.300272
v 0.4281496 1.279528 2.279938
v 0.4590094 1.279528 2.267155
v 0.492126 1.279528 2.262795
v 0.6299213 1.279528 2.252953
v 0.5252426 1.279528 2.267155
v 0.5561023 1.279528 2.279938
v 0.5826023 1.279528 2.300272
v 0.6029363 1.279528 2.326772
v 0.6157188 1.279528 2.357631
v 0.6200787 1.279528 2.390748
v 0.3543307 1.279528 2.528543
v 0.492126 1.279528 2.518701
v 0.6299213 1.279528 2.528543
v 0.4590094 1.279528 2.514341
v 0.4281496 1.279528 2.501558
v 0.4016497 1.279528 2.481224
v 0.3813156 1.279528 2.454724
v 0.3685331 1.279528 2.423865
v 0.5252426 1.279528 2.514341
v 0.5561023 1.279528 2.501558
v 0.5826023 1.279528 2.481224
v 0.6029363 1.279528 2.454724
v 0.6157188 1.279528 2.423865
v 0.3149606 1.555118 2.528543
v 0.3149606 1.417323 2.518701
v 0.3149606 1.279528 2.528543
v 0.3149606 1.450439 2.514341
v 0.3149606 1.481299 2.501558
v 0.3149606 1.507799 2.481224
v 0.3149606 1.528133 2.454724
v 0.3149606 1.540916 2.423865
v 0.3149606 1.545276 2.390748
v 0.3149606 1.555118 2.252953
v 0.3149606 1.540916 2.357631
v 0.3149606 1.528133 2.326772
v 0.3149606 1.507799 2.300272
v 0.3149606 1.481299 2.279938
v 0.3149606 1.450439 2.267155
v 0.3149606 1.417323 2.262795
v 0.3149606 1.28937 2.390748
v 0.3149606 1.279528 2.252953
v 0.3149606 1.29373 2.423865
v 0.3149606 1.306512 2.454724
v 0.3149606 1.326847 2.481224
v 0.3149606 1.353346 2.501558
v 0.3149606 1.384206 2.514341
v 0.3149606 1.29373 2.357631
v 0.3149606 1.306512 2.326772
v 0.3149606 1.326847 2.300272
v 0.3149606 1.353346 2.279938
v 0.3149606 1.384206 2.267155
v 0.5617231 1.062992 2.321151
v 0.5413386 0.9448819 2.305509
v 0.5617231 0.9448819 2.321151
v 0.5413386 1.062992 2.305509
v 0.3543307 1.545276 2.390748
v 0.3149606 1.540916 2.423865
v 0.3149606 1.545276 2.390748
v 0.3543307 1.540916 2.423865
v 0.5252426 1.279528 2.267155
v 0.5561023 1.161417 2.279938
v 0.5252426 1.161417 2.267155
v 0.5561023 1.279528 2.279938
v 0.3543307 1.528133 2.326772
v 0.3149606 1.540916 2.357631
v 0.3149606 1.528133 2.326772
v 0.3543307 1.540916 2.357631
v 0.4731117 1.062992 2.385653
v 0.472441 0.9448819 2.390748
v 0.472441 1.062992 2.390748
v 0.4731117 0.9448819 2.385653
v 0.3661417 1.161417 2.390748
v 0.3704346 0.9448819 2.423355
v 0.3704346 1.161417 2.423355
v 0.3661417 0.9448819 2.390748
v 0.3830204 1.161417 2.327756
v 0.3704346 0.9448819 2.358141
v 0.3704346 1.161417 2.358141
v 0.3830204 0.9448819 2.327756
v 0.4030417 1.161417 2.301664
v 0.3830204 0.9448819 2.327756
v 0.3830204 1.161417 2.327756
v 0.4030417 0.9448819 2.301664
v 0.4030417 1.161417 2.301664
v 0.4291339 0.9448819 2.281642
v 0.4030417 0.9448819 2.301664
v 0.4291339 1.161417 2.281642
v 0.4291339 1.161417 2.281642
v 0.4595188 0.9448819 2.269057
v 0.4291339 0.9448819 2.281642
v 0.4595188 1.161417 2.269057
v 0.4595188 1.161417 2.269057
v 0.492126 0.9448819 2.264764
v 0.4595188 0.9448819 2.269057
v 0.492126 1.161417 2.264764
v 0.492126 1.161417 2.264764
v 0.5247331 0.9448819 2.269057
v 0.492126 0.9448819 2.264764
v 0.5247331 1.161417 2.269057
v 0.5247331 1.161417 2.269057
v 0.5551181 0.9448819 2.281642
v 0.5247331 0.9448819 2.269057
v 0.5551181 1.161417 2.281642
v 0.3704346 0.9448819 2.358141
v 0.3704346 0.9448819 2.423355
v 0.3661417 0.9448819 2.390748
v 0.3830204 0.9448819 2.327756
v 0.3830204 0.9448819 2.45374
v 0.4030417 0.9448819 2.301664
v 0.3937008 0.9448819 2.390748
v 0.3970546 0.9448819 2.365274
v 0.4068873 0.9448819 2.341535
v 0.4291339 0.9448819 2.281642
v 0.4225289 0.9448819 2.321151
v 0.4429134 0.9448819 2.305509
v 0.4595188 0.9448819 2.269057
v 0.4666517 0.9448819 2.295677
v 0.492126 0.9448819 2.264764
v 0.492126 0.9448819 2.292323
v 0.5247331 0.9448819 2.269057
v 0.5176003 0.9448819 2.295677
v 0.5413386 0.9448819 2.305509
v 0.5551181 0.9448819 2.281642
v 0.5617231 0.9448819 2.321151
v 0.5812103 0.9448819 2.301664
v 0.5773647 0.9448819 2.341535
v 0.5871974 0.9448819 2.365274
v 0.6012316 0.9448819 2.327756
v 0.5905512 0.9448819 2.390748
v 0.4030417 0.9448819 2.479832
v 0.3970546 0.9448819 2.416222
v 0.4068873 0.9448819 2.439961
v 0.4291339 0.9448819 2.499854
v 0.4225289 0.9448819 2.460345
v 0.4429134 0.9448819 2.475987
v 0.4595188 0.9448819 2.512439
v 0.4666517 0.9448819 2.48582
v 0.492126 0.9448819 2.516732
v 0.492126 0.9448819 2.489173
v 0.5176003 0.9448819 2.48582
v 0.5247331 0.9448819 2.512439
v 0.5413386 0.9448819 2.475987
v 0.5551181 0.9448819 2.499854
v 0.5617231 0.9448819 2.460345
v 0.5812103 0.9448819 2.479832
v 0.5773647 0.9448819 2.439961
v 0.5871974 0.9448819 2.416222
v 0.6012316 0.9448819 2.45374
v 0.6138175 0.9448819 2.358141
v 0.6138175 0.9448819 2.423355
v 0.6181102 0.9448819 2.390748
v 0.6181102 0.9448819 2.390748
v 0.6138175 1.161417 2.423355
v 0.6138175 0.9448819 2.423355
v 0.6181102 1.161417 2.390748
v 0.492126 1.161417 2.516732
v 0.4595188 0.9448819 2.512439
v 0.492126 0.9448819 2.516732
v 0.4595188 1.161417 2.512439
v 0.4595188 1.161417 2.512439
v 0.4291339 0.9448819 2.499854
v 0.4595188 0.9448819 2.512439
v 0.4291339 1.161417 2.499854
v 0.4291339 1.161417 2.499854
v 0.4030417 0.9448819 2.479832
v 0.4291339 0.9448819 2.499854
v 0.4030417 1.161417 2.479832
v 0.6138175 0.9448819 2.423355
v 0.6012316 1.161417 2.45374
v 0.6012316 0.9448819 2.45374
v 0.6138175 1.161417 2.423355
v 0.6012316 0.9448819 2.45374
v 0.5812103 1.161417 2.479832
v 0.5812103 0.9448819 2.479832
v 0.6012316 1.161417 2.45374
v 0.3543307 1.555118 2.252953
v 0.6299213 1.279528 2.252953
v 0.3543307 1.279528 2.252953
v 0.6299213 1.555118 2.252953
v 0.5561023 1.279528 2.501558
v 0.5252426 1.161417 2.514341
v 0.5561023 1.161417 2.501558
v 0.5252426 1.279528 2.514341
v 0.3543307 1.306512 2.326772
v 0.3149606 1.326847 2.300272
v 0.3149606 1.306512 2.326772
v 0.3543307 1.326847 2.300272
v 0.492126 1.062992 2.292323
v 0.4666517 0.9448819 2.295677
v 0.492126 0.9448819 2.292323
v 0.4666517 1.062992 2.295677
v 0.4225289 1.062992 2.460345
v 0.4429134 0.9448819 2.475987
v 0.4225289 0.9448819 2.460345
v 0.4429134 1.062992 2.475987
v 0.6200787 1.161417 2.390748
v 0.6157188 1.279528 2.423865
v 0.6157188 1.161417 2.423865
v 0.6200787 1.279528 2.390748
v 0.6157188 1.161417 2.423865
v 0.6029363 1.279528 2.454724
v 0.6029363 1.161417 2.454724
v 0.6157188 1.279528 2.423865
v 0.3543307 1.306512 2.454724
v 0.3149606 1.29373 2.423865
v 0.3149606 1.306512 2.454724
v 0.3543307 1.29373 2.423865
v 0.5060454 1.062992 2.404667
v 0.5019685 0.9448819 2.407796
v 0.5060454 0.9448819 2.404667
v 0.5019685 1.062992 2.407796
v 0.492126 1.279528 2.262795
v 0.5252426 1.161417 2.267155
v 0.492126 1.161417 2.262795
v 0.5252426 1.279528 2.267155
v 0.4225289 0.9448819 2.321151
v 0.4068873 1.062992 2.341535
v 0.4068873 0.9448819 2.341535
v 0.4225289 1.062992 2.321151
v 0.5773647 1.062992 2.439961
v 0.5617231 0.9448819 2.460345
v 0.5617231 1.062992 2.460345
v 0.5773647 0.9448819 2.439961
v 0.4068873 0.9448819 2.439961
v 0.4225289 1.062992 2.460345
v 0.4225289 0.9448819 2.460345
v 0.4068873 1.062992 2.439961
v 0.4666517 1.062992 2.48582
v 0.492126 0.9448819 2.489173
v 0.4666517 0.9448819 2.48582
v 0.492126 1.062992 2.489173
v 0.5826023 1.279528 2.481224
v 0.5561023 1.161417 2.501558
v 0.5826023 1.161417 2.481224
v 0.5561023 1.279528 2.501558
v 0.5773647 1.062992 2.341535
v 0.5871974 0.9448819 2.365274
v 0.5871974 1.062992 2.365274
v 0.5773647 0.9448819 2.341535
v 0.5413386 1.062992 2.475987
v 0.5617231 0.9448819 2.460345
v 0.5413386 0.9448819 2.475987
v 0.5617231 1.062992 2.460345
v 0.4429134 1.062992 2.305509
v 0.4225289 0.9448819 2.321151
v 0.4429134 0.9448819 2.305509
v 0.4225289 1.062992 2.321151
v 0.6138175 0.9448819 2.358141
v 0.6181102 1.161417 2.390748
v 0.6181102 0.9448819 2.390748
v 0.6138175 1.161417 2.358141
v 0.5176003 1.062992 2.48582
v 0.5413386 0.9448819 2.475987
v 0.5176003 0.9448819 2.48582
v 0.5413386 1.062992 2.475987
v 0.3970546 1.062992 2.365274
v 0.3970546 1.062992 2.416222
v 0.3937008 1.062992 2.390748
v 0.4068873 1.062992 2.341535
v 0.4068873 1.062992 2.439961
v 0.4225289 1.062992 2.321151
v 0.4225289 1.062992 2.460345
v 0.4429134 1.062992 2.305509
v 0.4429134 1.062992 2.475987
v 0.4666517 1.062992 2.295677
v 0.4666517 1.062992 2.48582
v 0.472441 1.062992 2.390748
v 0.4731117 1.062992 2.385653
v 0.492126 1.062992 2.292323
v 0.4750783 1.062992 2.380906
v 0.4782065 1.062992 2.376829
v 0.4822835 1.062992 2.3737
v 0.4870311 1.062992 2.371734
v 0.492126 1.062992 2.371063
v 0.5176003 1.062992 2.295677
v 0.4972208 1.062992 2.371734
v 0.5019685 1.062992 2.3737
v 0.5060454 1.062992 2.376829
v 0.5091738 1.062992 2.380906
v 0.5111403 1.062992 2.385653
v 0.511811 1.062992 2.390748
v 0.4731117 1.062992 2.395843
v 0.492126 1.062992 2.489173
v 0.4750783 1.062992 2.400591
v 0.4782065 1.062992 2.404667
v 0.4822835 1.062992 2.407796
v 0.4870311 1.062992 2.409762
v 0.492126 1.062992 2.410433
v 0.4972208 1.062992 2.409762
v 0.5176003 1.062992 2.48582
v 0.5019685 1.062992 2.407796
v 0.5060454 1.062992 2.404667
v 0.5091738 1.062992 2.400591
v 0.5111403 1.062992 2.395843
v 0.5413386 1.062992 2.305509
v 0.5413386 1.062992 2.475987
v 0.5617231 1.062992 2.321151
v 0.5617231 1.062992 2.460345
v 0.5773647 1.062992 2.341535
v 0.5773647 1.062992 2.439961
v 0.5871974 1.062992 2.365274
v 0.5871974 1.062992 2.416222
v 0.5905512 1.062992 2.390748
v 0.5413386 1.062992 2.305509
v 0.5176003 0.9448819 2.295677
v 0.5413386 0.9448819 2.305509
v 0.5176003 1.062992 2.295677
v 0.5551181 1.161417 2.281642
v 0.5812103 0.9448819 2.301664
v 0.5551181 0.9448819 2.281642
v 0.5812103 1.161417 2.301664
v 0.5176003 1.062992 2.295677
v 0.492126 0.9448819 2.292323
v 0.5176003 0.9448819 2.295677
v 0.492126 1.062992 2.292323
v 0.3685331 1.161417 2.357631
v 0.3661417 1.161417 2.390748
v 0.3641732 1.161417 2.390748
v 0.3704346 1.161417 2.358141
v 0.3813156 1.161417 2.326772
v 0.3830204 1.161417 2.327756
v 0.4016497 1.161417 2.300272
v 0.4030417 1.161417 2.301664
v 0.4281496 1.161417 2.279938
v 0.4291339 1.161417 2.281642
v 0.4590094 1.161417 2.267155
v 0.4595188 1.161417 2.269057
v 0.492126 1.161417 2.262795
v 0.492126 1.161417 2.264764
v 0.5252426 1.161417 2.267155
v 0.5247331 1.161417 2.269057
v 0.5551181 1.161417 2.281642
v 0.5561023 1.161417 2.279938
v 0.5812103 1.161417 2.301664
v 0.5826023 1.161417 2.300272
v 0.6012316 1.161417 2.327756
v 0.6029363 1.161417 2.326772
v 0.6138175 1.161417 2.358141
v 0.6157188 1.161417 2.357631
v 0.6181102 1.161417 2.390748
v 0.6200787 1.161417 2.390748
v 0.3685331 1.161417 2.423865
v 0.3704346 1.161417 2.423355
v 0.3813156 1.161417 2.454724
v 0.3830204 1.161417 2.45374
v 0.4016497 1.161417 2.481224
v 0.4030417 1.161417 2.479832
v 0.4281496 1.161417 2.501558
v 0.4291339 1.161417 2.499854
v 0.4590094 1.161417 2.514341
v 0.4595188 1.161417 2.512439
v 0.492126 1.161417 2.518701
v 0.492126 1.161417 2.516732
v 0.5247331 1.161417 2.512439
v 0.5252426 1.161417 2.514341
v 0.5551181 1.161417 2.499854
v 0.5561023 1.161417 2.501558
v 0.5812103 1.161417 2.479832
v 0.5826023 1.161417 2.481224
v 0.6012316 1.161417 2.45374
v 0.6029363 1.161417 2.454724
v 0.6138175 1.161417 2.423355
v 0.6157188 1.161417 2.423865
v 0.4016497 1.279528 2.300272
v 0.4281496 1.161417 2.279938
v 0.4016497 1.161417 2.300272
v 0.4281496 1.279528 2.279938
v 0.5091738 0.9448819 2.400591
v 0.5060454 1.062992 2.404667
v 0.5060454 0.9448819 2.404667
v 0.5091738 1.062992 2.400591
v 0.3704346 1.161417 2.423355
v 0.3830204 0.9448819 2.45374
v 0.3830204 1.161417 2.45374
v 0.3704346 0.9448819 2.423355
v 0.3543307 1.417323 2.262795
v 0.3149606 1.384206 2.267155
v 0.3543307 1.384206 2.267155
v 0.3149606 1.417323 2.262795
v 0.3543307 1.384206 2.267155
v 0.3149606 1.353346 2.279938
v 0.3543307 1.353346 2.279938
v 0.3149606 1.384206 2.267155
v 0.3543307 1.353346 2.279938
v 0.3149606 1.326847 2.300272
v 0.3543307 1.326847 2.300272
v 0.3149606 1.353346 2.279938
v 0.511811 0.9448819 2.390748
v 0.5111403 1.062992 2.395843
v 0.5111403 0.9448819 2.395843
v 0.511811 1.062992 2.390748
v 0.5252426 1.279528 2.514341
v 0.492126 1.161417 2.518701
v 0.5252426 1.161417 2.514341
v 0.492126 1.279528 2.518701
v 0.2362205 1.555118 2.252953
v 0.2362205 1.279528 2.528543
v 0.2362205 1.555118 2.528543
v 0.2362205 1.279528 2.252953
v 0.5091738 0.9448819 2.380906
v 0.5111403 1.062992 2.385653
v 0.5111403 0.9448819 2.385653
v 0.5091738 1.062992 2.380906
v 0.3543307 1.29373 2.357631
v 0.3149606 1.306512 2.326772
v 0.3149606 1.29373 2.357631
v 0.3543307 1.306512 2.326772
v 0.4016497 1.279528 2.300272
v 0.3813156 1.161417 2.326772
v 0.3813156 1.279528 2.326772
v 0.4016497 1.161417 2.300272
v 0.5871974 1.062992 2.416222
v 0.5773647 0.9448819 2.439961
v 0.5773647 1.062992 2.439961
v 0.5871974 0.9448819 2.416222
v 0.4429134 1.062992 2.475987
v 0.4666517 0.9448819 2.48582
v 0.4429134 0.9448819 2.475987
v 0.4666517 1.062992 2.48582
v 0.5871974 1.062992 2.365274
v 0.5905512 0.9448819 2.390748
v 0.5905512 1.062992 2.390748
v 0.5871974 0.9448819 2.365274
v 0.4666517 1.062992 2.295677
v 0.4429134 0.9448819 2.305509
v 0.4666517 0.9448819 2.295677
v 0.4429134 1.062992 2.305509
v 0.492126 1.062992 2.489173
v 0.5176003 0.9448819 2.48582
v 0.492126 0.9448819 2.489173
v 0.5176003 1.062992 2.48582
v 0.5905512 1.062992 2.390748
v 0.5871974 0.9448819 2.416222
v 0.5871974 1.062992 2.416222
v 0.5905512 0.9448819 2.390748
v 0.5617231 1.062992 2.321151
v 0.5773647 0.9448819 2.341535
v 0.5773647 1.062992 2.341535
v 0.5617231 0.9448819 2.321151
v 0.6157188 1.161417 2.357631
v 0.6200787 1.279528 2.390748
v 0.6200787 1.161417 2.390748
v 0.6157188 1.279528 2.357631
v 0.5019685 1.062992 2.407796
v 0.4972208 0.9448819 2.409762
v 0.5019685 0.9448819 2.407796
v 0.4972208 1.062992 2.409762
v 0.4281496 1.279528 2.501558
v 0.4016497 1.161417 2.481224
v 0.4281496 1.161417 2.501558
v 0.4016497 1.279528 2.481224
v 0.4590094 1.279528 2.514341
v 0.4281496 1.161417 2.501558
v 0.4590094 1.161417 2.514341
v 0.4281496 1.279528 2.501558
v 0.3543307 1.481299 2.279938
v 0.3149606 1.450439 2.267155
v 0.3543307 1.450439 2.267155
v 0.3149606 1.481299 2.279938
v 0.3149606 1.279528 2.252953
v 0.2362205 1.279528 2.528543
v 0.2362205 1.279528 2.252953
v 0.3149606 1.279528 2.528543
v 0.4972208 1.062992 2.371734
v 0.5019685 0.9448819 2.3737
v 0.4972208 0.9448819 2.371734
v 0.5019685 1.062992 2.3737
v 0.3685331 1.279528 2.357631
v 0.3641732 1.161417 2.390748
v 0.3641732 1.279528 2.390748
v 0.3685331 1.161417 2.357631
v 0.3543307 1.326847 2.481224
v 0.3149606 1.306512 2.454724
v 0.3149606 1.326847 2.481224
v 0.3543307 1.306512 2.454724
v 0.3543307 1.29373 2.423865
v 0.3149606 1.28937 2.390748
v 0.3149606 1.29373 2.423865
v 0.3543307 1.28937 2.390748
v 0.3149606 1.384206 2.514341
v 0.3543307 1.353346 2.501558
v 0.3149606 1.353346 2.501558
v 0.3543307 1.384206 2.514341
v 0.3543307 1.528133 2.454724
v 0.3149606 1.507799 2.481224
v 0.3149606 1.528133 2.454724
v 0.3543307 1.507799 2.481224
v 0.4750783 1.062992 2.400591
v 0.4782065 0.9448819 2.404667
v 0.4782065 1.062992 2.404667
v 0.4750783 0.9448819 2.400591
v 0.3543307 1.450439 2.267155
v 0.3149606 1.417323 2.262795
v 0.3543307 1.417323 2.262795
v 0.3149606 1.450439 2.267155
v 0.3543307 1.540916 2.357631
v 0.3149606 1.545276 2.390748
v 0.3149606 1.540916 2.357631
v 0.3543307 1.545276 2.390748
v 0.4822835 1.062992 2.3737
v 0.4870311 0.9448819 2.371734
v 0.4822835 0.9448819 2.3737
v 0.4870311 1.062992 2.371734
v 0.492126 1.279528 2.518701
v 0.4590094 1.161417 2.514341
v 0.492126 1.161417 2.518701
v 0.4590094 1.279528 2.514341
v 0.3543307 1.507799 2.300272
v 0.3149606 1.481299 2.279938
v 0.3543307 1.481299 2.279938
v 0.3149606 1.507799 2.300272
v 0.3641732 1.279528 2.390748
v 0.3685331 1.161417 2.423865
v 0.3685331 1.279528 2.423865
v 0.3641732 1.161417 2.390748
v 0.4731117 0.9448819 2.385653
v 0.4731117 0.9448819 2.395843
v 0.472441 0.9448819 2.390748
v 0.4750783 0.9448819 2.380906
v 0.4750783 0.9448819 2.400591
v 0.4782065 0.9448819 2.376829
v 0.4782065 0.9448819 2.404667
v 0.4822835 0.9448819 2.3737
v 0.4822835 0.9448819 2.407796
v 0.4870311 0.9448819 2.371734
v 0.4870311 0.9448819 2.409762
v 0.492126 0.9448819 2.371063
v 0.492126 0.9448819 2.410433
v 0.4972208 0.9448819 2.371734
v 0.4972208 0.9448819 2.409762
v 0.5019685 0.9448819 2.3737
v 0.5019685 0.9448819 2.407796
v 0.5060454 0.9448819 2.376829
v 0.5060454 0.9448819 2.404667
v 0.5091738 0.9448819 2.380906
v 0.5091738 0.9448819 2.400591
v 0.5111403 0.9448819 2.385653
v 0.5111403 0.9448819 2.395843
v 0.511811 0.9448819 2.390748
v 0.4590094 1.279528 2.267155
v 0.492126 1.161417 2.262795
v 0.4590094 1.161417 2.267155
v 0.492126 1.279528 2.262795
v 0.492126 1.062992 2.410433
v 0.4870311 0.9448819 2.409762
v 0.492126 0.9448819 2.410433
v 0.4870311 1.062992 2.409762
v 0.4782065 1.062992 2.376829
v 0.4822835 0.9448819 2.3737
v 0.4782065 0.9448819 2.376829
v 0.4822835 1.062992 2.3737
v 0.4870311 1.062992 2.371734
v 0.492126 0.9448819 2.371063
v 0.4870311 0.9448819 2.371734
v 0.492126 1.062992 2.371063
v 0.3970546 0.9448819 2.365274
v 0.3937008 1.062992 2.390748
v 0.3937008 0.9448819 2.390748
v 0.3970546 1.062992 2.365274
v 0.3937008 0.9448819 2.390748
v 0.3970546 1.062992 2.416222
v 0.3970546 0.9448819 2.416222
v 0.3937008 1.062992 2.390748
v 0.4068873 0.9448819 2.341535
v 0.3970546 1.062992 2.365274
v 0.3970546 0.9448819 2.365274
v 0.4068873 1.062992 2.341535
v 0.3970546 0.9448819 2.416222
v 0.4068873 1.062992 2.439961
v 0.4068873 0.9448819 2.439961
v 0.3970546 1.062992 2.416222
v 0.3685331 1.279528 2.423865
v 0.3813156 1.161417 2.454724
v 0.3813156 1.279528 2.454724
v 0.3685331 1.161417 2.423865
v 0.5561023 1.279528 2.279938
v 0.5826023 1.161417 2.300272
v 0.5561023 1.161417 2.279938
v 0.5826023 1.279528 2.300272
v 0.3813156 1.279528 2.454724
v 0.4016497 1.161417 2.481224
v 0.4016497 1.279528 2.481224
v 0.3813156 1.161417 2.454724
v 0.3543307 1.28937 2.390748
v 0.3149606 1.29373 2.357631
v 0.3149606 1.28937 2.390748
v 0.3543307 1.29373 2.357631
v 0.6029363 1.161417 2.326772
v 0.6157188 1.279528 2.357631
v 0.6157188 1.161417 2.357631
v 0.6029363 1.279528 2.326772
v 0.5826023 1.161417 2.300272
v 0.6029363 1.279528 2.326772
v 0.6029363 1.161417 2.326772
v 0.5826023 1.279528 2.300272
v 0.472441 1.062992 2.390748
v 0.4731117 0.9448819 2.395843
v 0.4731117 1.062992 2.395843
v 0.472441 0.9448819 2.390748
v 0.3149606 1.417323 2.518701
v 0.3543307 1.384206 2.514341
v 0.3149606 1.384206 2.514341
v 0.3543307 1.417323 2.518701
v 0.4822835 1.062992 2.407796
v 0.4782065 0.9448819 2.404667
v 0.4822835 0.9448819 2.407796
v 0.4782065 1.062992 2.404667
v 0.492126 1.062992 2.371063
v 0.4972208 0.9448819 2.371734
v 0.492126 0.9448819 2.371063
v 0.4972208 1.062992 2.371734
v 0.4731117 1.062992 2.395843
v 0.4750783 0.9448819 2.400591
v 0.4750783 1.062992 2.400591
v 0.4731117 0.9448819 2.395843
v 0.3149606 1.450439 2.514341
v 0.3543307 1.417323 2.518701
v 0.3149606 1.417323 2.518701
v 0.3543307 1.450439 2.514341
v 0.3149606 1.507799 2.481224
v 0.3543307 1.481299 2.501558
v 0.3149606 1.481299 2.501558
v 0.3543307 1.507799 2.481224
v 0.3543307 1.555118 2.528543
v 0.6299213 1.555118 2.252953
v 0.3543307 1.555118 2.252953
v 0.6299213 1.555118 2.528543
v 0.3543307 1.540916 2.423865
v 0.3149606 1.528133 2.454724
v 0.3149606 1.540916 2.423865
v 0.3543307 1.528133 2.454724
v 0.4972208 1.062992 2.409762
v 0.492126 0.9448819 2.410433
v 0.4972208 0.9448819 2.409762
v 0.492126 1.062992 2.410433
v 0.4782065 1.062992 2.376829
v 0.4750783 0.9448819 2.380906
v 0.4750783 1.062992 2.380906
v 0.4782065 0.9448819 2.376829
v 0.4870311 1.062992 2.409762
v 0.4822835 0.9448819 2.407796
v 0.4870311 0.9448819 2.409762
v 0.4822835 1.062992 2.407796
v 0.5111403 0.9448819 2.395843
v 0.5091738 1.062992 2.400591
v 0.5091738 0.9448819 2.400591
v 0.5111403 1.062992 2.395843
v 0.5019685 1.062992 2.3737
v 0.5060454 0.9448819 2.376829
v 0.5019685 0.9448819 2.3737
v 0.5060454 1.062992 2.376829
v 0.5111403 0.9448819 2.385653
v 0.511811 1.062992 2.390748
v 0.511811 0.9448819 2.390748
v 0.5111403 1.062992 2.385653
v 0.1181102 -1.308071 0.3346457
v 0.1181102 -1.603346 0.09842519
v 0.1181102 -1.308071 0.09842519
v 0.1181102 -1.603346 0.3346457
v -0.0484012 -0.5994095 0.3971712
v 2.081668E-15 -0.5600393 0.4035433
v -0.0484012 -0.5600393 0.3971712
v 2.081668E-15 -0.5994095 0.4035433
v 0.1806357 -0.875 0.2649366
v 0.1870079 -1.308071 0.2165354
v 0.1870079 -0.875 0.2165354
v 0.1806357 -1.308071 0.2649366
v 0.1181102 -1.603346 0.09842519
v -0.1181102 -1.603346 0.3346457
v -0.1181102 -1.603346 0.09842519
v 0.1181102 -1.603346 0.3346457
v -0.1181102 -1.603346 0.3346457
v 0.1181102 -1.308071 0.3346457
v -0.1181102 -1.308071 0.3346457
v 0.1181102 -1.603346 0.3346457
v -0.05094863 -0.8356299 0.02639255
v -0.09842519 -0.5994095 0.04605799
v -0.05094863 -0.5994095 0.02639255
v -0.09842519 -0.8356299 0.04605799
v 0.09350394 -0.875 0.05458186
v 0.05094863 -0.8356299 0.02639255
v 0.09842519 -0.8356299 0.04605799
v 0.0484012 -0.875 0.0358997
v 0.1704774 -0.5994095 0.1181102
v 0.1391943 -0.8356299 0.07734118
v 0.1391943 -0.5994095 0.07734118
v 0.1704774 -0.8356299 0.1181102
v -0.09842519 -0.8356299 0.04605799
v -0.1391943 -0.5994095 0.07734118
v -0.09842519 -0.5994095 0.04605799
v -0.1391943 -0.8356299 0.07734118
v -0.09350394 -0.5994095 0.378489
v -0.0484012 -0.5600393 0.3971712
v -0.09350394 -0.5600393 0.378489
v -0.0484012 -0.5994095 0.3971712
v -0.1181102 -1.603346 0.3346457
v -0.1181102 -1.308071 0.09842519
v -0.1181102 -1.603346 0.09842519
v -0.1181102 -1.308071 0.3346457
v -0.1391943 -0.8356299 0.3557297
v -0.1704774 -0.5994095 0.3149606
v -0.1704774 -0.8356299 0.3149606
v -0.1391943 -0.5994095 0.3557297
v -0.1806357 -1.308071 0.2649366
v -0.1870079 -0.875 0.2165354
v -0.1870079 -1.308071 0.2165354
v -0.1806357 -0.875 0.2649366
v 0.1704774 -0.8356299 0.1181102
v 0.1322345 -0.875 0.0843009
v 0.1391943 -0.8356299 0.07734118
v 0.1619536 -0.875 0.1230315
v 0.1968504 -0.8356299 0.2165354
v 0.1806357 -0.875 0.1681342
v 0.1901429 -0.8356299 0.1655868
v 0.1870079 -0.875 0.2165354
v -0.1322345 -1.308071 0.34877
v -0.09350394 -0.875 0.378489
v -0.1322345 -0.875 0.34877
v -0.09350394 -1.308071 0.378489
v -0.0484012 -1.308071 0.3971712
v 2.109424E-15 -0.875 0.4035433
v -0.0484012 -0.875 0.3971712
v 2.109424E-15 -1.308071 0.4035433
v 0.1901429 -0.8356299 0.2674841
v 0.1619536 -0.875 0.3100394
v 0.1806357 -0.875 0.2649366
v 0.1704774 -0.8356299 0.3149606
v 2.109424E-15 -1.308071 0.4035433
v 0.0484012 -0.875 0.3971712
v 2.109424E-15 -0.875 0.4035433
v 0.0484012 -1.308071 0.3971712
v -0.1619536 -0.875 0.1230315
v -0.1901429 -0.8356299 0.1655868
v -0.1704774 -0.8356299 0.1181102
v -0.1806357 -0.875 0.1681342
v -0.1704774 -0.8356299 0.3149606
v -0.1901429 -0.5994095 0.2674841
v -0.1901429 -0.8356299 0.2674841
v -0.1704774 -0.5994095 0.3149606
v 0.1901429 -0.5994095 0.1655868
v 0.1704774 -0.8356299 0.1181102
v 0.1704774 -0.5994095 0.1181102
v 0.1901429 -0.8356299 0.1655868
v 0.0484012 -1.308071 0.0358997
v 2.081668E-15 -0.875 0.02952756
v 0.0484012 -0.875 0.0358997
v 2.081668E-15 -1.308071 0.02952756
v -0.1619536 -1.308071 0.1230315
v -0.1322345 -0.875 0.0843009
v -0.1322345 -1.308071 0.0843009
v -0.1619536 -0.875 0.1230315
v 0.1619536 -0.875 0.3100394
v 0.1806357 -1.308071 0.2649366
v 0.1806357 -0.875 0.2649366
v 0.1619536 -1.308071 0.3100394
v 2.137179E-15 -0.8356299 0.4133858
v 0.05094863 -0.5994095 0.4066783
v 2.137179E-15 -0.5994095 0.4133858
v 0.05094863 -0.8356299 0.4066783
v -0.1619536 -1.308071 0.3100394
v -0.1806357 -0.875 0.2649366
v -0.1806357 -1.308071 0.2649366
v -0.1619536 -0.875 0.3100394
v 0.1619536 -0.875 0.1230315
v 0.1322345 -1.308071 0.0843009
v 0.1322345 -0.875 0.0843009
v 0.1619536 -1.308071 0.1230315
v -0.09350394 -1.308071 0.378489
v -0.0484012 -0.875 0.3971712
v -0.09350394 -0.875 0.378489
v -0.0484012 -1.308071 0.3971712
v -0.1322345 -1.308071 0.34877
v -0.1619536 -0.875 0.3100394
v -0.1619536 -1.308071 0.3100394
v -0.1322345 -0.875 0.34877
v -0.1391943 -0.8356299 0.3557297
v -0.09842519 -0.5994095 0.3870129
v -0.1391943 -0.5994095 0.3557297
v -0.09842519 -0.8356299 0.3870129
v -0.1901429 -0.8356299 0.1655868
v -0.1704774 -0.5994095 0.1181102
v -0.1704774 -0.8356299 0.1181102
v -0.1901429 -0.5994095 0.1655868
v -0.1901429 -0.8356299 0.2674841
v -0.1968504 -0.5994095 0.2165354
v -0.1968504 -0.8356299 0.2165354
v -0.1901429 -0.5994095 0.2674841
v 0.1806357 -0.875 0.1681342
v 0.1619536 -1.308071 0.1230315
v 0.1619536 -0.875 0.1230315
v 0.1806357 -1.308071 0.1681342
v 0.1704774 -0.5994095 0.3149606
v 0.1901429 -0.8356299 0.2674841
v 0.1901429 -0.5994095 0.2674841
v 0.1704774 -0.8356299 0.3149606
v 0.1391943 -0.8356299 0.07734118
v 0.09842519 -0.5994095 0.04605799
v 0.1391943 -0.5994095 0.07734118
v 0.09842519 -0.8356299 0.04605799
v 2.081668E-15 -1.308071 0.02952756
v -0.0484012 -0.875 0.0358997
v 2.081668E-15 -0.875 0.02952756
v -0.0484012 -1.308071 0.0358997
v 0.1391943 -0.5994095 0.3557297
v 0.1704774 -0.8356299 0.3149606
v 0.1704774 -0.5994095 0.3149606
v 0.1391943 -0.8356299 0.3557297
v 0.09842519 -0.8356299 0.04605799
v 0.05094863 -0.5994095 0.02639255
v 0.09842519 -0.5994095 0.04605799
v 0.05094863 -0.8356299 0.02639255
v 0.05094863 -0.8356299 0.4066783
v 0.09842519 -0.5994095 0.3870129
v 0.05094863 -0.5994095 0.4066783
v 0.09842519 -0.8356299 0.3870129
v 0.09842519 -0.8356299 0.3870129
v 0.1391943 -0.5994095 0.3557297
v 0.09842519 -0.5994095 0.3870129
v 0.1391943 -0.8356299 0.3557297
v -0.1619536 -0.875 0.3100394
v -0.1901429 -0.8356299 0.2674841
v -0.1806357 -0.875 0.2649366
v -0.1704774 -0.8356299 0.3149606
v -0.09350394 -0.875 0.05458186
v -0.1391943 -0.8356299 0.07734118
v -0.09842519 -0.8356299 0.04605799
v -0.1322345 -0.875 0.0843009
v 0.09350394 -1.308071 0.05458186
v 0.0484012 -0.875 0.0358997
v 0.09350394 -0.875 0.05458186
v 0.0484012 -1.308071 0.0358997
v -0.1870079 -1.308071 0.2165354
v -0.1806357 -0.875 0.1681342
v -0.1806357 -1.308071 0.1681342
v -0.1870079 -0.875 0.2165354
v 2.109424E-15 -0.875 0.4035433
v 0.05094863 -0.8356299 0.4066783
v 2.137179E-15 -0.8356299 0.4133858
v 0.0484012 -0.875 0.3971712
v 0.1901429 -0.8356299 0.1655868
v 0.1619536 -0.875 0.1230315
v 0.1704774 -0.8356299 0.1181102
v 0.1806357 -0.875 0.1681342
v -0.1619536 -0.5994095 0.1230315
v -0.1322345 -0.5600393 0.0843009
v -0.1322345 -0.5994095 0.0843009
v -0.1619536 -0.5600393 0.1230315
v -0.09350394 -0.5994095 0.05458186
v -0.1322345 -0.5600393 0.0843009
v -0.09350394 -0.5600393 0.05458186
v -0.1322345 -0.5994095 0.0843009
v 0.1619536 -0.5600393 0.1230315
v 0.1322345 -0.5994095 0.0843009
v 0.1322345 -0.5600393 0.0843009
v 0.1619536 -0.5994095 0.1230315
v 0.09350394 -0.5994095 0.378489
v 0.1322345 -0.5600393 0.34877
v 0.09350394 -0.5600393 0.378489
v 0.1322345 -0.5994095 0.34877
v -0.1806357 -1.308071 0.1681342
v -0.1619536 -0.875 0.1230315
v -0.1619536 -1.308071 0.1230315
v -0.1806357 -0.875 0.1681342
v -0.09842519 -0.8356299 0.3870129
v -0.05094863 -0.5994095 0.4066783
v -0.09842519 -0.5994095 0.3870129
v -0.05094863 -0.8356299 0.4066783
v -0.1704774 -0.8356299 0.1181102
v -0.1391943 -0.5994095 0.07734118
v -0.1391943 -0.8356299 0.07734118
v -0.1704774 -0.5994095 0.1181102
v 0.1322345 -0.875 0.0843009
v 0.09842519 -0.8356299 0.04605799
v 0.1391943 -0.8356299 0.07734118
v 0.09350394 -0.875 0.05458186
v -0.05094863 -0.8356299 0.4066783
v 2.137179E-15 -0.5994095 0.4133858
v -0.05094863 -0.5994095 0.4066783
v 2.137179E-15 -0.8356299 0.4133858
v -0.09350394 -1.308071 0.05458186
v -0.1322345 -0.875 0.0843009
v -0.09350394 -0.875 0.05458186
v -0.1322345 -1.308071 0.0843009
v -0.1968504 -0.8356299 0.2165354
v -0.1901429 -0.5994095 0.1655868
v -0.1901429 -0.8356299 0.1655868
v -0.1968504 -0.5994095 0.2165354
v 0.0484012 -0.875 0.3971712
v 0.09842519 -0.8356299 0.3870129
v 0.05094863 -0.8356299 0.4066783
v 0.09350394 -0.875 0.378489
v -0.09350394 -0.875 0.378489
v -0.05094863 -0.8356299 0.4066783
v -0.09842519 -0.8356299 0.3870129
v -0.0484012 -0.875 0.3971712
v -0.1322345 -0.875 0.34877
v -0.1704774 -0.8356299 0.3149606
v -0.1619536 -0.875 0.3100394
v -0.1391943 -0.8356299 0.3557297
v -0.1322345 -0.875 0.34877
v -0.09842519 -0.8356299 0.3870129
v -0.1391943 -0.8356299 0.3557297
v -0.09350394 -0.875 0.378489
v -0.1322345 -0.875 0.0843009
v -0.1704774 -0.8356299 0.1181102
v -0.1391943 -0.8356299 0.07734118
v -0.1619536 -0.875 0.1230315
v -0.1806357 -0.875 0.2649366
v -0.1968504 -0.8356299 0.2165354
v -0.1870079 -0.875 0.2165354
v -0.1901429 -0.8356299 0.2674841
v -0.1901429 -0.5994095 0.2674841
v -0.1806357 -0.5994095 0.2649366
v -0.1870079 -0.5994095 0.2165354
v -0.1704774 -0.5994095 0.3149606
v -0.1619536 -0.5994095 0.3100394
v -0.1391943 -0.5994095 0.3557297
v -0.1322345 -0.5994095 0.34877
v -0.09842519 -0.5994095 0.3870129
v -0.09350394 -0.5994095 0.378489
v -0.05094863 -0.5994095 0.4066783
v -0.0484012 -0.5994095 0.3971712
v 2.137179E-15 -0.5994095 0.4133858
v 2.081668E-15 -0.5994095 0.4035433
v 0.0484012 -0.5994095 0.3971712
v 0.05094863 -0.5994095 0.4066783
v 0.09350394 -0.5994095 0.378489
v 0.09842519 -0.5994095 0.3870129
v 0.1322345 -0.5994095 0.34877
v 0.1391943 -0.5994095 0.3557297
v 0.1619536 -0.5994095 0.3100394
v 0.1704774 -0.5994095 0.3149606
v 0.1806357 -0.5994095 0.2649366
v 0.1901429 -0.5994095 0.2674841
v 0.1870079 -0.5994095 0.2165354
v -0.1901429 -0.5994095 0.1655868
v -0.1968504 -0.5994095 0.2165354
v -0.1806357 -0.5994095 0.1681342
v -0.1704774 -0.5994095 0.1181102
v -0.1619536 -0.5994095 0.1230315
v -0.1391943 -0.5994095 0.07734118
v -0.1322345 -0.5994095 0.0843009
v -0.09842519 -0.5994095 0.04605799
v -0.09350394 -0.5994095 0.05458186
v -0.05094863 -0.5994095 0.02639255
v -0.0484012 -0.5994095 0.0358997
v 2.109424E-15 -0.5994095 0.01968504
v 2.109424E-15 -0.5994095 0.02952756
v 0.0484012 -0.5994095 0.0358997
v 0.05094863 -0.5994095 0.02639255
v 0.09350394 -0.5994095 0.05458186
v 0.09842519 -0.5994095 0.04605799
v 0.1322345 -0.5994095 0.0843009
v 0.1391943 -0.5994095 0.07734118
v 0.1619536 -0.5994095 0.1230315
v 0.1704774 -0.5994095 0.1181102
v 0.1806357 -0.5994095 0.1681342
v 0.1901429 -0.5994095 0.1655868
v 0.1968504 -0.5994095 0.2165354
v -0.1806357 -0.875 0.1681342
v -0.1968504 -0.8356299 0.2165354
v -0.1901429 -0.8356299 0.1655868
v -0.1870079 -0.875 0.2165354
v 0.1968504 -0.5994095 0.2165354
v 0.1901429 -0.8356299 0.1655868
v 0.1901429 -0.5994095 0.1655868
v 0.1968504 -0.8356299 0.2165354
v 0.1901429 -0.5994095 0.2674841
v 0.1968504 -0.8356299 0.2165354
v 0.1968504 -0.5994095 0.2165354
v 0.1901429 -0.8356299 0.2674841
v 2.109424E-15 -0.8356299 0.01968504
v -0.05094863 -0.5994095 0.02639255
v 2.109424E-15 -0.5994095 0.01968504
v -0.05094863 -0.8356299 0.02639255
v 0.05094863 -0.8356299 0.02639255
v 2.109424E-15 -0.5994095 0.01968504
v 0.05094863 -0.5994095 0.02639255
v 2.109424E-15 -0.8356299 0.01968504
v 0.1870079 -0.875 0.2165354
v 0.1806357 -1.308071 0.1681342
v 0.1806357 -0.875 0.1681342
v 0.1870079 -1.308071 0.2165354
v -0.1870079 -0.5994095 0.2165354
v -0.1806357 -0.5600393 0.1681342
v -0.1806357 -0.5994095 0.1681342
v -0.1870079 -0.5600393 0.2165354
v -0.1806357 -0.5994095 0.1681342
v -0.1619536 -0.5600393 0.1230315
v -0.1619536 -0.5994095 0.1230315
v -0.1806357 -0.5600393 0.1681342
v 0.1806357 -0.5600393 0.2649366
v 0.1870079 -0.5994095 0.2165354
v 0.1870079 -0.5600393 0.2165354
v 0.1806357 -0.5994095 0.2649366
v -0.1806357 -0.5994095 0.2649366
v -0.1870079 -0.5600393 0.2165354
v -0.1870079 -0.5994095 0.2165354
v -0.1806357 -0.5600393 0.2649366
v 0.0484012 -0.5994095 0.0358997
v 2.109424E-15 -0.5600393 0.02952756
v 0.0484012 -0.5600393 0.0358997
v 2.109424E-15 -0.5994095 0.02952756
v -0.1322345 -0.5994095 0.34877
v -0.09350394 -0.5600393 0.378489
v -0.1322345 -0.5600393 0.34877
v -0.09350394 -0.5994095 0.378489
v 0.1322345 -0.5994095 0.0843009
v 0.09350394 -0.5600393 0.05458186
v 0.1322345 -0.5600393 0.0843009
v 0.09350394 -0.5994095 0.05458186
v 0.1181102 -1.603346 0.09842519
v -0.1181102 -1.308071 0.09842519
v 0.1181102 -1.308071 0.09842519
v -0.1181102 -1.603346 0.09842519
v -0.1806357 -1.308071 0.1681342
v -0.1806357 -1.308071 0.2649366
v -0.1870079 -1.308071 0.2165354
v -0.1619536 -1.308071 0.1230315
v -0.1619536 -1.308071 0.3100394
v -0.1322345 -1.308071 0.0843009
v -0.1322345 -1.308071 0.34877
v -0.1181102 -1.308071 0.09842519
v -0.09350394 -1.308071 0.05458186
v 0.1181102 -1.308071 0.09842519
v -0.0484012 -1.308071 0.0358997
v 2.081668E-15 -1.308071 0.02952756
v 0.0484012 -1.308071 0.0358997
v 0.09350394 -1.308071 0.05458186
v 0.1322345 -1.308071 0.0843009
v 0.1181102 -1.308071 0.3346457
v -0.1181102 -1.308071 0.3346457
v -0.09350394 -1.308071 0.378489
v -0.0484012 -1.308071 0.3971712
v 2.109424E-15 -1.308071 0.4035433
v 0.0484012 -1.308071 0.3971712
v 0.09350394 -1.308071 0.378489
v 0.1322345 -1.308071 0.34877
v 0.1619536 -1.308071 0.1230315
v 0.1619536 -1.308071 0.3100394
v 0.1806357 -1.308071 0.1681342
v 0.1806357 -1.308071 0.2649366
v 0.1870079 -1.308071 0.2165354
v 0.0484012 -1.308071 0.3971712
v 0.09350394 -0.875 0.378489
v 0.0484012 -0.875 0.3971712
v 0.09350394 -1.308071 0.378489
v 2.081668E-15 -0.5994095 0.4035433
v 0.0484012 -0.5600393 0.3971712
v 2.081668E-15 -0.5600393 0.4035433
v 0.0484012 -0.5994095 0.3971712
v 0.1704774 -0.8356299 0.3149606
v 0.1322345 -0.875 0.34877
v 0.1619536 -0.875 0.3100394
v 0.1391943 -0.8356299 0.3557297
v 0.1322345 -0.875 0.34877
v 0.1619536 -1.308071 0.3100394
v 0.1619536 -0.875 0.3100394
v 0.1322345 -1.308071 0.34877
v 2.081668E-15 -0.875 0.02952756
v -0.05094863 -0.8356299 0.02639255
v 2.109424E-15 -0.8356299 0.01968504
v -0.0484012 -0.875 0.0358997
v 0.0484012 -0.875 0.0358997
v 2.109424E-15 -0.8356299 0.01968504
v 0.05094863 -0.8356299 0.02639255
v 2.081668E-15 -0.875 0.02952756
v -0.0484012 -1.308071 0.0358997
v -0.09350394 -0.875 0.05458186
v -0.0484012 -0.875 0.0358997
v -0.09350394 -1.308071 0.05458186
v 0.09350394 -0.875 0.378489
v 0.1391943 -0.8356299 0.3557297
v 0.09842519 -0.8356299 0.3870129
v 0.1322345 -0.875 0.34877
v -0.0484012 -0.875 0.0358997
v -0.09842519 -0.8356299 0.04605799
v -0.05094863 -0.8356299 0.02639255
v -0.09350394 -0.875 0.05458186
v 0.09350394 -1.308071 0.378489
v 0.1322345 -0.875 0.34877
v 0.09350394 -0.875 0.378489
v 0.1322345 -1.308071 0.34877
v -0.0484012 -0.875 0.3971712
v 2.137179E-15 -0.8356299 0.4133858
v -0.05094863 -0.8356299 0.4066783
v 2.109424E-15 -0.875 0.4035433
v -0.0484012 -0.5994095 0.0358997
v -0.09350394 -0.5600393 0.05458186
v -0.0484012 -0.5600393 0.0358997
v -0.09350394 -0.5994095 0.05458186
v 0.1322345 -1.308071 0.0843009
v 0.09350394 -0.875 0.05458186
v 0.1322345 -0.875 0.0843009
v 0.09350394 -1.308071 0.05458186
v 0.1322345 -0.5600393 0.34877
v 0.1619536 -0.5994095 0.3100394
v 0.1619536 -0.5600393 0.3100394
v 0.1322345 -0.5994095 0.34877
v 0.1870079 -0.5600393 0.2165354
v 0.1806357 -0.5994095 0.1681342
v 0.1806357 -0.5600393 0.1681342
v 0.1870079 -0.5994095 0.2165354
v 0.1619536 -0.5600393 0.3100394
v 0.1806357 -0.5994095 0.2649366
v 0.1806357 -0.5600393 0.2649366
v 0.1619536 -0.5994095 0.3100394
v 0.0484012 -0.5994095 0.3971712
v 0.09350394 -0.5600393 0.378489
v 0.0484012 -0.5600393 0.3971712
v 0.09350394 -0.5994095 0.378489
v -0.1806357 -0.5600393 0.2649366
v -0.1806357 -0.5600393 0.1681342
v -0.1870079 -0.5600393 0.2165354
v -0.1619536 -0.5600393 0.3100394
v -0.1619536 -0.5600393 0.1230315
v -0.1322345 -0.5600393 0.34877
v -0.1322345 -0.5600393 0.0843009
v -0.09350394 -0.5600393 0.378489
v -0.09350394 -0.5600393 0.05458186
v -0.0484012 -0.5600393 0.3971712
v -0.0484012 -0.5600393 0.0358997
v 2.081668E-15 -0.5600393 0.4035433
v 2.109424E-15 -0.5600393 0.02952756
v 0.0484012 -0.5600393 0.3971712
v 0.0484012 -0.5600393 0.0358997
v 0.09350394 -0.5600393 0.378489
v 0.09350394 -0.5600393 0.05458186
v 0.1322345 -0.5600393 0.34877
v 0.1322345 -0.5600393 0.0843009
v 0.1619536 -0.5600393 0.3100394
v 0.1619536 -0.5600393 0.1230315
v 0.1806357 -0.5600393 0.2649366
v 0.1806357 -0.5600393 0.1681342
v 0.1870079 -0.5600393 0.2165354
v 0.1806357 -0.5600393 0.1681342
v 0.1619536 -0.5994095 0.1230315
v 0.1619536 -0.5600393 0.1230315
v 0.1806357 -0.5994095 0.1681342
v 0.09350394 -0.5994095 0.05458186
v 0.0484012 -0.5600393 0.0358997
v 0.09350394 -0.5600393 0.05458186
v 0.0484012 -0.5994095 0.0358997
v -0.1322345 -0.5994095 0.34877
v -0.1619536 -0.5600393 0.3100394
v -0.1619536 -0.5994095 0.3100394
v -0.1322345 -0.5600393 0.34877
v -0.1619536 -0.5994095 0.3100394
v -0.1806357 -0.5600393 0.2649366
v -0.1806357 -0.5994095 0.2649366
v -0.1619536 -0.5600393 0.3100394
v 2.109424E-15 -0.5994095 0.02952756
v -0.0484012 -0.5600393 0.0358997
v 2.109424E-15 -0.5600393 0.02952756
v -0.0484012 -0.5994095 0.0358997
v 0.1968504 -0.8356299 0.2165354
v 0.1806357 -0.875 0.2649366
v 0.1870079 -0.875 0.2165354
v 0.1901429 -0.8356299 0.2674841
v 0.3937008 0.3444882 4.733268
v 0.4344597 0.3391222 3.060039
v 0.3937008 0.3444882 3.060039
v 0.4344597 0.3391222 4.733268
v 0.5458151 0.2277668 3.060039
v 0.5807087 0.1870079 2.174213
v 0.5743365 0.2354091 2.174213
v 0.5511811 0.1870079 3.060039
v 0.5458151 0.146249 4.733268
v 0.5511811 0.1870079 3.060039
v 0.5511811 0.1870079 4.733268
v 0.5458151 0.146249 3.060039
v 0.4344597 0.03489357 4.772638
v 0.3937008 0.02952756 4.752953
v 0.4344597 0.03489357 4.752953
v 0.3937008 0.02952756 4.772638
v 0.3937008 0.02952756 4.772638
v 0.3529419 0.03489357 4.752953
v 0.3937008 0.02952756 4.752953
v 0.3529419 0.03489357 4.772638
v 0.3529419 0.03489357 4.772638
v 0.3149606 0.05062592 4.752953
v 0.3529419 0.03489357 4.752953
v 0.3149606 0.05062592 4.772638
v 0.4618918 0.2263779 5.204295
v 0.472441 0.265748 5.179269
v 0.4901374 0.2426856 5.179269
v 0.4493785 0.2426856 5.204295
v 0.3149606 0.265748 5.179269
v 0.2755905 0.2551988 5.146654
v 0.2972642 0.2834445 5.146654
v 0.2972642 0.2426856 5.179269
v 0.5050562 0.07565247 3.060039
v 0.5556543 0.09350394 2.174213
v 0.5300828 0.1082677 3.060039
v 0.5259354 0.05477334 2.174213
v 0.2362205 0.1870079 3.060039
v 0.2415865 0.2277668 4.733268
v 0.2415865 0.2277668 3.060039
v 0.2362205 0.1870079 4.733268
v 0.2573188 0.1082677 3.060039
v 0.2415865 0.146249 4.733268
v 0.2415865 0.146249 3.060039
v 0.2573188 0.1082677 4.733268
v 0.5050562 0.07565247 3.060039
v 0.4872047 0.0250543 2.174213
v 0.5259354 0.05477334 2.174213
v 0.472441 0.05062592 3.060039
v 0.4140802 0.1109507 4.931531
v 0.3937008 0.07565247 4.956558
v 0.4225217 0.07944681 4.956558
v 0.3937008 0.1082677 4.931531
v 0.2755905 0.3300804 1.682087
v 0.2755905 0.07874016 1.997047
v 0.2755905 0.3300804 1.997047
v 0.2755905 0.07874016 1.682087
v 0.2606008 0.1513438 4.733268
v 0.2559055 0.1870079 4.752953
v 0.2559055 0.1870079 4.733268
v 0.2606008 0.1513438 4.752953
v 0.2743666 0.1181102 4.733268
v 0.2606008 0.1513438 4.752953
v 0.2606008 0.1513438 4.733268
v 0.2743666 0.1181102 4.752953
v 0.2962648 0.0895719 4.733268
v 0.2743666 0.1181102 4.752953
v 0.2743666 0.1181102 4.733268
v 0.2962648 0.0895719 4.752953
v 0.511811 0.2551988 5.146654
v 0.472441 0.265748 5.179269
v 0.4901374 0.2834445 5.146654
v 0.4901374 0.2426856 5.179269
v 0.472441 0.3233898 4.733268
v 0.5050562 0.2983633 3.060039
v 0.472441 0.3233898 3.060039
v 0.5050562 0.2983633 4.733268
v 0.4293648 0.05390786 4.752953
v 0.3937008 0.0492126 4.733268
v 0.4293648 0.05390786 4.733268
v 0.3937008 0.0492126 4.752953
v 0.3248031 0.06767367 4.752953
v 0.2962648 0.0895719 4.733268
v 0.3248031 0.06767367 4.733268
v 0.2962648 0.0895719 4.752953
v 0.2130651 0.1386067 2.174213
v 0.2362205 0.1870079 3.060039
v 0.2066929 0.1870079 2.174213
v 0.2415865 0.146249 3.060039
v 0.3543307 0.2551988 5.204295
v 0.3648799 0.2945689 5.179269
v 0.3733213 0.263065 5.204295
v 0.3380231 0.2834445 5.179269
v 0.5268008 0.1513438 4.752953
v 0.531496 0.1870079 4.733268
v 0.531496 0.1870079 4.752953
v 0.5268008 0.1513438 4.733268
v 0.2972642 0.2834445 5.146654
v 0.2619659 0.263065 5.108672
v 0.2861397 0.2945689 5.108672
v 0.2755905 0.2551988 5.146654
v 0.5458151 0.2277668 4.733268
v 0.5300828 0.265748 3.060039
v 0.5300828 0.265748 4.733268
v 0.5458151 0.2277668 3.060039
v 0.2317472 0.2805118 2.174213
v 0.2823454 0.2983633 3.060039
v 0.2614663 0.3192424 2.174213
v 0.2573188 0.265748 3.060039
v 0.2861397 0.2158288 5.179269
v 0.2573188 0.1870079 5.146654
v 0.2619659 0.2223061 5.146654
v 0.2823454 0.1870079 5.179269
v 0.5012618 0.2945689 5.027154
v 0.4618918 0.3051181 4.989173
v 0.4901374 0.2834445 4.989173
v 0.4697579 0.3187427 5.027154
v 0.2467697 0.2263779 5.027154
v 0.2755905 0.2551988 4.989173
v 0.2619659 0.263065 5.027154
v 0.2619659 0.2223061 4.989173
v 0.511811 0.07874016 1.997047
v 0.511811 0.3300804 1.682087
v 0.511811 0.3300804 1.997047
v 0.511811 0.07874016 1.682087
v 0.5300828 0.265748 4.772638
v 0.5050562 0.2983633 4.752953
v 0.5050562 0.2983633 4.772638
v 0.5300828 0.265748 4.752953
v 0.5458151 0.2277668 4.772638
v 0.5300828 0.265748 4.752953
v 0.5300828 0.265748 4.772638
v 0.5458151 0.2277668 4.752953
v 0.5511811 0.1870079 4.772638
v 0.5458151 0.2277668 4.752953
v 0.5458151 0.2277668 4.772638
v 0.5511811 0.1870079 4.752953
v 0.5458151 0.146249 4.772638
v 0.5511811 0.1870079 4.752953
v 0.5511811 0.1870079 4.772638
v 0.5458151 0.146249 4.752953
v 0.4225217 0.2945689 5.179269
v 0.3937008 0.3233898 5.146654
v 0.428999 0.3187427 5.146654
v 0.3937008 0.2983633 5.179269
v 0.5300828 0.1082677 3.060039
v 0.5743365 0.1386067 2.174213
v 0.5458151 0.146249 3.060039
v 0.5556543 0.09350394 2.174213
v 0.2415865 0.146249 3.060039
v 0.2362205 0.1870079 4.733268
v 0.2362205 0.1870079 3.060039
v 0.2415865 0.146249 4.733268
v 0.472441 0.1870079 5.204295
v 0.5012618 0.2158288 5.179269
v 0.5050562 0.1870079 5.179269
v 0.4697579 0.2073873 5.204295
v 0.4165932 0.0511275 4.792323
v 0.3806447 0.04983252 4.772638
v 0.4165932 0.0511275 4.772638
v 0.3806447 0.04983252 4.792323
v 0.5050562 0.07565247 5.067914
v 0.472441 0.05062592 4.792323
v 0.5050562 0.07565247 4.792323
v 0.472441 0.05062592 5.067914
v 0.3149606 0.265748 4.956558
v 0.3255098 0.2263779 4.931531
v 0.3380231 0.2426856 4.931531
v 0.2972642 0.2426856 4.956558
v 0.3543307 0.333939 5.027154
v 0.3255098 0.3051181 4.989173
v 0.3584026 0.3187427 4.989173
v 0.3176436 0.3187427 5.027154
v 0.2861397 0.2158288 4.956558
v 0.3149606 0.1870079 4.931531
v 0.3176436 0.2073873 4.931531
v 0.2823454 0.1870079 4.956558
v 0.2573188 0.1082677 4.792323
v 0.2415865 0.146249 5.067914
v 0.2415865 0.146249 4.792323
v 0.2573188 0.1082677 5.067914
v 0.2415865 0.146249 4.792323
v 0.2362205 0.1870079 5.067914
v 0.2362205 0.1870079 4.792323
v 0.2415865 0.146249 5.067914
v 0.2362205 0.1870079 4.792323
v 0.2415865 0.2277668 5.067914
v 0.2415865 0.2277668 4.792323
v 0.2362205 0.1870079 5.067914
v 0.2415865 0.2277668 4.792323
v 0.2573188 0.265748 5.067914
v 0.2573188 0.265748 4.792323
v 0.2415865 0.2277668 5.067914
v 0.2573188 0.265748 4.792323
v 0.2823454 0.2983633 5.067914
v 0.2823454 0.2983633 4.792323
v 0.2573188 0.265748 5.067914
v 0.2415865 0.1870079 5.027154
v 0.2619659 0.2223061 4.989173
v 0.2467697 0.2263779 5.027154
v 0.2573188 0.1870079 4.989173
v 0.511811 0.07874016 1.997047
v 0.2755905 0.07874016 1.682087
v 0.511811 0.07874016 1.682087
v 0.2755905 0.07874016 1.997047
v 0.4697579 0.2073873 5.204295
v 0.4901374 0.2426856 5.179269
v 0.5012618 0.2158288 5.179269
v 0.4618918 0.2263779 5.204295
v 0.2573188 0.265748 3.060039
v 0.2823454 0.2983633 4.733268
v 0.2823454 0.2983633 3.060039
v 0.2573188 0.265748 4.733268
v 0.3580368 0.3201079 4.752953
v 0.3937008 0.3248031 4.733268
v 0.3580368 0.3201079 4.733268
v 0.3937008 0.3248031 4.752953
v 0.3529419 0.03489357 3.060039
v 0.3001969 0.0250543 2.174213
v 0.3452996 0.006372139 2.174213
v 0.3149606 0.05062592 3.060039
v 0.4344597 0.03489357 5.067914
v 0.3937008 0.02952756 4.792323
v 0.4344597 0.03489357 4.792323
v 0.3937008 0.02952756 5.067914
v 0.3937008 0.02952756 5.067914
v 0.3529419 0.03489357 4.792323
v 0.3937008 0.02952756 4.792323
v 0.3529419 0.03489357 5.067914
v 0.3529419 0.03489357 5.067914
v 0.3149606 0.05062592 4.792323
v 0.3529419 0.03489357 4.792323
v 0.3149606 0.05062592 5.067914
v 0.3149606 0.05062592 5.067914
v 0.2823454 0.07565247 4.792323
v 0.3149606 0.05062592 4.792323
v 0.2823454 0.07565247 5.067914
v 0.2823454 0.07565247 4.792323
v 0.2573188 0.1082677 5.067914
v 0.2573188 0.1082677 4.792323
v 0.2823454 0.07565247 5.067914
v 0.511811 0.2551988 4.989173
v 0.5406319 0.2263779 5.027154
v 0.5254356 0.263065 5.027154
v 0.5254356 0.2223061 4.989173
v 0.5300828 0.265748 5.067914
v 0.5050562 0.2983633 4.792323
v 0.5050562 0.2983633 5.067914
v 0.5300828 0.265748 4.792323
v 0.5458151 0.2277668 5.067914
v 0.5300828 0.265748 4.792323
v 0.5300828 0.265748 5.067914
v 0.5458151 0.2277668 4.792323
v 0.5511811 0.1870079 5.067914
v 0.5458151 0.2277668 4.792323
v 0.5458151 0.2277668 5.067914
v 0.5511811 0.1870079 4.792323
v 0.3255098 0.06889763 5.146654
v 0.3543307 0.04007674 5.108672
v 0.3176436 0.05527302 5.108672
v 0.3584026 0.05527302 5.146654
v 0.3937008 0.07565247 5.179269
v 0.4140802 0.1109507 5.204295
v 0.4225217 0.07944681 5.179269
v 0.3937008 0.1082677 5.204295
v 0.5012618 0.2945689 5.108672
v 0.472441 0.3233898 5.067914
v 0.5050562 0.2983633 5.067914
v 0.4697579 0.3187427 5.108672
v 0.3255098 0.3051181 4.989173
v 0.3149606 0.265748 4.956558
v 0.3380231 0.2834445 4.956558
v 0.2972642 0.2834445 4.989173
v 0.3248031 0.3063421 4.752953
v 0.3580368 0.3201079 4.733268
v 0.3248031 0.3063421 4.733268
v 0.3580368 0.3201079 4.752953
v 0.2962648 0.2844439 4.752953
v 0.3248031 0.3063421 4.733268
v 0.2962648 0.2844439 4.733268
v 0.3248031 0.3063421 4.752953
v 0.5050562 0.07565247 5.067914
v 0.5300828 0.1082677 4.792323
v 0.5300828 0.1082677 5.067914
v 0.5050562 0.07565247 4.792323
v 0.5050562 0.07565247 4.772638
v 0.472441 0.05062592 4.752953
v 0.5050562 0.07565247 4.752953
v 0.472441 0.05062592 4.772638
v 0.4618918 0.3051181 5.146654
v 0.4330709 0.333939 5.108672
v 0.4697579 0.3187427 5.108672
v 0.428999 0.3187427 5.146654
v 0.4344597 0.03489357 4.733268
v 0.3937008 0.02952756 3.060039
v 0.4344597 0.03489357 3.060039
v 0.3937008 0.02952756 4.733268
v 0.5300828 0.1082677 4.733268
v 0.5458151 0.146249 3.060039
v 0.5458151 0.146249 4.733268
v 0.5300828 0.1082677 3.060039
v 0.3149606 0.05062592 4.772638
v 0.2823454 0.07565247 4.752953
v 0.3149606 0.05062592 4.752953
v 0.2823454 0.07565247 4.772638
v 0.2823454 0.07565247 4.752953
v 0.2573188 0.1082677 4.772638
v 0.2573188 0.1082677 4.752953
v 0.2823454 0.07565247 4.772638
v 0.2573188 0.1082677 4.752953
v 0.2415865 0.146249 4.772638
v 0.2415865 0.146249 4.752953
v 0.2573188 0.1082677 4.772638
v 0.2415865 0.146249 4.752953
v 0.2362205 0.1870079 4.772638
v 0.2362205 0.1870079 4.752953
v 0.2415865 0.146249 4.772638
v 0.5458151 0.2277668 4.752953
v 0.5458151 0.146249 4.752953
v 0.5511811 0.1870079 4.752953
v 0.5300828 0.265748 4.752953
v 0.531496 0.1870079 4.752953
v 0.5268008 0.2226719 4.752953
v 0.5050562 0.2983633 4.752953
v 0.513035 0.2559055 4.752953
v 0.4911368 0.2844439 4.752953
v 0.472441 0.3233898 4.752953
v 0.4625984 0.3063421 4.752953
v 0.4344597 0.3391222 4.752953
v 0.4293648 0.3201079 4.752953
v 0.3937008 0.3444882 4.752953
v 0.3937008 0.3248031 4.752953
v 0.3529419 0.3391222 4.752953
v 0.3580368 0.3201079 4.752953
v 0.3248031 0.3063421 4.752953
v 0.3149606 0.3233898 4.752953
v 0.2962648 0.2844439 4.752953
v 0.2823454 0.2983633 4.752953
v 0.2743666 0.2559055 4.752953
v 0.2573188 0.265748 4.752953
v 0.2606008 0.2226719 4.752953
v 0.2559055 0.1870079 4.752953
v 0.2415865 0.2277668 4.752953
v 0.5300828 0.1082677 4.752953
v 0.5268008 0.1513438 4.752953
v 0.5050562 0.07565247 4.752953
v 0.513035 0.1181102 4.752953
v 0.4911368 0.0895719 4.752953
v 0.472441 0.05062592 4.752953
v 0.4625984 0.06767367 4.752953
v 0.4344597 0.03489357 4.752953
v 0.4293648 0.05390786 4.752953
v 0.3937008 0.02952756 4.752953
v 0.3937008 0.0492126 4.752953
v 0.3529419 0.03489357 4.752953
v 0.3580368 0.05390786 4.752953
v 0.3248031 0.06767367 4.752953
v 0.3149606 0.05062592 4.752953
v 0.2962648 0.0895719 4.752953
v 0.2823454 0.07565247 4.752953
v 0.2743666 0.1181102 4.752953
v 0.2573188 0.1082677 4.752953
v 0.2606008 0.1513438 4.752953
v 0.2415865 0.146249 4.752953
v 0.2362205 0.1870079 4.752953
v 0.2130651 0.1386067 2.174213
v 0.2573188 0.1082677 3.060039
v 0.2415865 0.146249 3.060039
v 0.2317472 0.09350394 2.174213
v 0.2573188 0.1870079 4.989173
v 0.2861397 0.2158288 4.956558
v 0.2619659 0.2223061 4.989173
v 0.2823454 0.1870079 4.956558
v 0.5743365 0.1386067 1.682087
v 0.5743365 0.2354091 1.682087
v 0.5807087 0.1870079 1.682087
v 0.5556543 0.09350394 1.682087
v 0.5556543 0.2805118 1.682087
v 0.5259354 0.05477334 1.682087
v 0.5259354 0.3192424 1.682087
v 0.511811 0.07874016 1.682087
v 0.4872047 0.0250543 1.682087
v 0.2755905 0.07874016 1.682087
v 0.442102 0.006372139 1.682087
v 0.3937008 -6.383782E-15 1.682087
v 0.3452996 0.006372139 1.682087
v 0.3001969 0.0250543 1.682087
v 0.2614663 0.05477334 1.682087
v 0.2755905 0.3300804 1.682087
v 0.2614663 0.3192424 1.682087
v 0.2317472 0.09350394 1.682087
v 0.2317472 0.2805118 1.682087
v 0.2130651 0.1386067 1.682087
v 0.2130651 0.2354091 1.682087
v 0.2066929 0.1870079 1.682087
v 0.511811 0.3300804 1.682087
v 0.4901374 0.2426856 4.956558
v 0.4697579 0.2073873 4.931531
v 0.5012618 0.2158288 4.956558
v 0.4618918 0.2263779 4.931531
v 0.428999 0.3187427 4.989173
v 0.3937008 0.2983633 4.956558
v 0.4225217 0.2945689 4.956558
v 0.3937008 0.3233898 4.989173
v 0.3149606 0.1870079 4.931531
v 0.2861397 0.158187 4.956558
v 0.3176436 0.1666284 4.931531
v 0.2823454 0.1870079 4.956558
v 0.4901374 0.2834445 5.146654
v 0.4697579 0.3187427 5.108672
v 0.5012618 0.2945689 5.108672
v 0.4618918 0.3051181 5.146654
v 0.5458151 0.2277668 4.772638
v 0.5458151 0.146249 4.772638
v 0.5511811 0.1870079 4.772638
v 0.5300828 0.265748 4.772638
v 0.5308762 0.1739518 4.772638
v 0.5295812 0.2099003 4.772638
v 0.5050562 0.2983633 4.772638
v 0.5190262 0.2442887 4.772638
v 0.4999304 0.2747734 4.772638
v 0.472441 0.3233898 4.772638
v 0.4735954 0.2992772 4.772638
v 0.4418156 0.3161299 4.772638
v 0.4344597 0.3391222 4.772638
v 0.4067568 0.3241832 4.772638
v 0.3937008 0.3444882 4.772638
v 0.3708084 0.3228883 4.772638
v 0.3529419 0.3391222 4.772638
v 0.33642 0.3123333 4.772638
v 0.3149606 0.3233898 4.772638
v 0.3059352 0.2932375 4.772638
v 0.2823454 0.2983633 4.772638
v 0.2814315 0.2669024 4.772638
v 0.2573188 0.265748 4.772638
v 0.2645787 0.2351227 4.772638
v 0.2565254 0.2000639 4.772638
v 0.2415865 0.2277668 4.772638
v 0.5300828 0.1082677 4.772638
v 0.5228229 0.1388931 4.772638
v 0.5050562 0.07565247 4.772638
v 0.5059701 0.1071133 4.772638
v 0.4814664 0.08077822 4.772638
v 0.472441 0.05062592 4.772638
v 0.4509816 0.0616825 4.772638
v 0.4344597 0.03489357 4.772638
v 0.4165932 0.0511275 4.772638
v 0.3937008 0.02952756 4.772638
v 0.3806447 0.04983252 4.772638
v 0.3529419 0.03489357 4.772638
v 0.345586 0.05788582 4.772638
v 0.3149606 0.05062592 4.772638
v 0.3138062 0.07473857 4.772638
v 0.2823454 0.07565247 4.772638
v 0.2874711 0.09924228 4.772638
v 0.2683754 0.1297271 4.772638
v 0.2573188 0.1082677 4.772638
v 0.2578204 0.1641155 4.772638
v 0.2415865 0.146249 4.772638
v 0.2362205 0.1870079 4.772638
v 0.2823454 0.07565247 3.060039
v 0.2573188 0.1082677 4.733268
v 0.2573188 0.1082677 3.060039
v 0.2823454 0.07565247 4.733268
v 0.5012618 0.2158288 4.956558
v 0.472441 0.1870079 4.931531
v 0.5050562 0.1870079 4.956558
v 0.4697579 0.2073873 4.931531
v 0.5012618 0.2158288 4.956558
v 0.5300828 0.1870079 4.989173
v 0.5254356 0.2223061 4.989173
v 0.5050562 0.1870079 4.956558
v 0.5012618 0.2945689 5.027154
v 0.5300828 0.265748 5.067914
v 0.5050562 0.2983633 5.067914
v 0.5254356 0.263065 5.027154
v 0.2362205 0.1870079 5.067914
v 0.2467697 0.2263779 5.027154
v 0.2415865 0.2277668 5.067914
v 0.2415865 0.1870079 5.027154
v 0.2743666 0.2559055 4.733268
v 0.2962648 0.2844439 4.752953
v 0.2962648 0.2844439 4.733268
v 0.2743666 0.2559055 4.752953
v 0.2606008 0.2226719 4.733268
v 0.2743666 0.2559055 4.752953
v 0.2743666 0.2559055 4.733268
v 0.2606008 0.2226719 4.752953
v 0.2559055 0.1870079 4.733268
v 0.2606008 0.2226719 4.752953
v 0.2606008 0.2226719 4.733268
v 0.2559055 0.1870079 4.752953
v 0.2467697 0.1476378 5.027154
v 0.2573188 0.1870079 4.989173
v 0.2415865 0.1870079 5.027154
v 0.2619659 0.1517096 4.989173
v 0.3584026 0.3187427 5.146654
v 0.3176436 0.3187427 5.108672
v 0.3543307 0.333939 5.108672
v 0.3255098 0.3051181 5.146654
v 0.4901374 0.2834445 4.989173
v 0.5254356 0.263065 5.027154
v 0.5012618 0.2945689 5.027154
v 0.511811 0.2551988 4.989173
v 0.5406319 0.2263779 5.027154
v 0.5511811 0.1870079 5.067914
v 0.5458151 0.2277668 5.067914
v 0.5458151 0.1870079 5.027154
v 0.5511811 0.1870079 5.067914
v 0.5406319 0.2263779 5.108672
v 0.5458151 0.2277668 5.067914
v 0.5458151 0.1870079 5.108672
v 0.5458151 0.2277668 4.792323
v 0.5458151 0.146249 4.792323
v 0.5511811 0.1870079 4.792323
v 0.5300828 0.265748 4.792323
v 0.5308762 0.1739518 4.792323
v 0.5295812 0.2099003 4.792323
v 0.5050562 0.2983633 4.792323
v 0.5190262 0.2442887 4.792323
v 0.4999304 0.2747734 4.792323
v 0.472441 0.3233898 4.792323
v 0.4735954 0.2992772 4.792323
v 0.4418156 0.3161299 4.792323
v 0.4344597 0.3391222 4.792323
v 0.4067568 0.3241832 4.792323
v 0.3937008 0.3444882 4.792323
v 0.3708084 0.3228883 4.792323
v 0.3529419 0.3391222 4.792323
v 0.33642 0.3123333 4.792323
v 0.3149606 0.3233898 4.792323
v 0.3059352 0.2932375 4.792323
v 0.2823454 0.2983633 4.792323
v 0.2814315 0.2669024 4.792323
v 0.2573188 0.265748 4.792323
v 0.2645787 0.2351227 4.792323
v 0.2565254 0.2000639 4.792323
v 0.2415865 0.2277668 4.792323
v 0.5300828 0.1082677 4.792323
v 0.5228229 0.1388931 4.792323
v 0.5050562 0.07565247 4.792323
v 0.5059701 0.1071133 4.792323
v 0.4814664 0.08077822 4.792323
v 0.472441 0.05062592 4.792323
v 0.4509816 0.0616825 4.792323
v 0.4344597 0.03489357 4.792323
v 0.4165932 0.0511275 4.792323
v 0.3937008 0.02952756 4.792323
v 0.3806447 0.04983252 4.792323
v 0.3529419 0.03489357 4.792323
v 0.345586 0.05788582 4.792323
v 0.3149606 0.05062592 4.792323
v 0.3138062 0.07473857 4.792323
v 0.2823454 0.07565247 4.792323
v 0.2874711 0.09924228 4.792323
v 0.2683754 0.1297271 4.792323
v 0.2573188 0.1082677 4.792323
v 0.2578204 0.1641155 4.792323
v 0.2415865 0.146249 4.792323
v 0.2362205 0.1870079 4.792323
v 0.2823454 0.2983633 4.772638
v 0.3149606 0.3233898 4.752953
v 0.2823454 0.2983633 4.752953
v 0.3149606 0.3233898 4.772638
v 0.3149606 0.3233898 4.772638
v 0.3529419 0.3391222 4.752953
v 0.3149606 0.3233898 4.752953
v 0.3529419 0.3391222 4.772638
v 0.5458151 0.2277668 4.733268
v 0.5458151 0.146249 4.733268
v 0.5511811 0.1870079 4.733268
v 0.5300828 0.265748 4.733268
v 0.531496 0.1870079 4.733268
v 0.5268008 0.2226719 4.733268
v 0.5050562 0.2983633 4.733268
v 0.513035 0.2559055 4.733268
v 0.4911368 0.2844439 4.733268
v 0.472441 0.3233898 4.733268
v 0.4625984 0.3063421 4.733268
v 0.4344597 0.3391222 4.733268
v 0.4293648 0.3201079 4.733268
v 0.3937008 0.3444882 4.733268
v 0.3937008 0.3248031 4.733268
v 0.3529419 0.3391222 4.733268
v 0.3580368 0.3201079 4.733268
v 0.3248031 0.3063421 4.733268
v 0.3149606 0.3233898 4.733268
v 0.2962648 0.2844439 4.733268
v 0.2823454 0.2983633 4.733268
v 0.2743666 0.2559055 4.733268
v 0.2573188 0.265748 4.733268
v 0.2606008 0.2226719 4.733268
v 0.2559055 0.1870079 4.733268
v 0.2415865 0.2277668 4.733268
v 0.5300828 0.1082677 4.733268
v 0.5268008 0.1513438 4.733268
v 0.5050562 0.07565247 4.733268
v 0.513035 0.1181102 4.733268
v 0.4911368 0.0895719 4.733268
v 0.472441 0.05062592 4.733268
v 0.4625984 0.06767367 4.733268
v 0.4344597 0.03489357 4.733268
v 0.4293648 0.05390786 4.733268
v 0.3937008 0.02952756 4.733268
v 0.3937008 0.0492126 4.733268
v 0.3529419 0.03489357 4.733268
v 0.3580368 0.05390786 4.733268
v 0.3248031 0.06767367 4.733268
v 0.3149606 0.05062592 4.733268
v 0.2962648 0.0895719 4.733268
v 0.2823454 0.07565247 4.733268
v 0.2743666 0.1181102 4.733268
v 0.2573188 0.1082677 4.733268
v 0.2606008 0.1513438 4.733268
v 0.2415865 0.146249 4.733268
v 0.2362205 0.1870079 4.733268
v 0.5458151 0.2277668 5.067914
v 0.5458151 0.146249 5.067914
v 0.5511811 0.1870079 5.067914
v 0.5300828 0.265748 5.067914
v 0.5300828 0.1082677 5.067914
v 0.5050562 0.2983633 5.067914
v 0.5050562 0.07565247 5.067914
v 0.472441 0.3233898 5.067914
v 0.472441 0.05062592 5.067914
v 0.4344597 0.3391222 5.067914
v 0.4344597 0.03489357 5.067914
v 0.3937008 0.3444882 5.067914
v 0.3937008 0.02952756 5.067914
v 0.3529419 0.3391222 5.067914
v 0.3529419 0.03489357 5.067914
v 0.3149606 0.3233898 5.067914
v 0.3149606 0.05062592 5.067914
v 0.2823454 0.2983633 5.067914
v 0.2823454 0.07565247 5.067914
v 0.2573188 0.265748 5.067914
v 0.2573188 0.1082677 5.067914
v 0.2415865 0.2277668 5.067914
v 0.2415865 0.146249 5.067914
v 0.2362205 0.1870079 5.067914
v 0.5050562 0.07565247 4.772638
v 0.5300828 0.1082677 4.752953
v 0.5300828 0.1082677 4.772638
v 0.5050562 0.07565247 4.752953
v 0.4330709 0.1188169 4.931531
v 0.4225217 0.07944681 4.956558
v 0.4493785 0.09057127 4.956558
v 0.4140802 0.1109507 4.931531
v 0.428999 0.05527302 4.989173
v 0.4493785 0.09057127 4.956558
v 0.4225217 0.07944681 4.956558
v 0.4618918 0.06889763 4.989173
v 0.4330709 0.04007674 5.108672
v 0.472441 0.05062592 5.067914
v 0.4344597 0.03489357 5.067914
v 0.4697579 0.05527302 5.108672
v 0.2861397 0.07944681 5.108672
v 0.2573188 0.1082677 5.067914
v 0.2619659 0.1109507 5.108672
v 0.2823454 0.07565247 5.067914
v 0.2861397 0.2945689 5.108672
v 0.2573188 0.265748 5.067914
v 0.2823454 0.2983633 5.067914
v 0.2619659 0.263065 5.108672
v 0.5254356 0.1109507 5.027154
v 0.5458151 0.146249 5.067914
v 0.5406319 0.1476378 5.027154
v 0.5300828 0.1082677 5.067914
v 0.5458151 0.146249 5.067914
v 0.5254356 0.1109507 5.108672
v 0.5406319 0.1476378 5.108672
v 0.5300828 0.1082677 5.067914
v 0.3138062 0.07473857 4.792323
v 0.2874711 0.09924228 4.772638
v 0.3138062 0.07473857 4.772638
v 0.2874711 0.09924228 4.792323
v 0.345586 0.05788582 4.792323
v 0.3138062 0.07473857 4.772638
v 0.345586 0.05788582 4.772638
v 0.3138062 0.07473857 4.792323
v 0.3708084 0.3228883 4.792323
v 0.4067568 0.3241832 4.772638
v 0.3708084 0.3228883 4.772638
v 0.4067568 0.3241832 4.792323
v 0.3452996 0.3676436 1.997047
v 0.3937008 0.3740157 2.174213
v 0.3937008 0.3740157 1.997047
v 0.3452996 0.3676436 2.174213
v 0.5458151 0.2277668 5.067914
v 0.5254356 0.263065 5.108672
v 0.5300828 0.265748 5.067914
v 0.5406319 0.2263779 5.108672
v 0.2823454 0.2983633 5.067914
v 0.3149606 0.3233898 4.792323
v 0.2823454 0.2983633 4.792323
v 0.3149606 0.3233898 5.067914
v 0.472441 0.05062592 4.772638
v 0.4344597 0.03489357 4.752953
v 0.472441 0.05062592 4.752953
v 0.4344597 0.03489357 4.772638
v 0.2823454 0.2983633 4.733268
v 0.3149606 0.3233898 3.060039
v 0.2823454 0.2983633 3.060039
v 0.3149606 0.3233898 4.733268
v 0.4697579 0.1666284 5.204295
v 0.4330709 0.1870079 5.22398
v 0.472441 0.1870079 5.204295
v 0.4317294 0.1768181 5.22398
v 0.4901374 0.2426856 4.956558
v 0.5254356 0.2223061 4.989173
v 0.511811 0.2551988 4.989173
v 0.5012618 0.2158288 4.956558
v 0.3648799 0.2945689 4.956558
v 0.3543307 0.2551988 4.931531
v 0.3733213 0.263065 4.931531
v 0.3380231 0.2834445 4.956558
v 0.2415865 0.146249 5.067914
v 0.2415865 0.1870079 5.027154
v 0.2362205 0.1870079 5.067914
v 0.2467697 0.1476378 5.027154
v 0.3835111 0.2250365 5.22398
v 0.3937008 0.265748 5.204295
v 0.3937008 0.2263779 5.22398
v 0.3733213 0.263065 5.204295
v 0.3740157 0.2211034 5.22398
v 0.3733213 0.263065 5.204295
v 0.3835111 0.2250365 5.22398
v 0.3543307 0.2551988 5.204295
v 0.4697579 0.05527302 5.027154
v 0.4901374 0.09057127 4.989173
v 0.4618918 0.06889763 4.989173
v 0.5012618 0.07944681 5.027154
v 0.472441 0.05062592 5.067914
v 0.5012618 0.07944681 5.027154
v 0.4697579 0.05527302 5.027154
v 0.5050562 0.07565247 5.067914
v 0.2619659 0.2223061 5.146654
v 0.2415865 0.1870079 5.108672
v 0.2467697 0.2263779 5.108672
v 0.2573188 0.1870079 5.146654
v 0.3937008 0.02952756 3.060039
v 0.3452996 0.006372139 2.174213
v 0.3937008 -6.383782E-15 2.174213
v 0.3529419 0.03489357 3.060039
v 0.4225217 0.07944681 5.179269
v 0.4618918 0.06889763 5.146654
v 0.428999 0.05527302 5.146654
v 0.4493785 0.09057127 5.179269
v 0.2317472 0.09350394 2.174213
v 0.2823454 0.07565247 3.060039
v 0.2573188 0.1082677 3.060039
v 0.2614663 0.05477334 2.174213
v 0.4330709 0.04007674 5.027154
v 0.4618918 0.06889763 4.989173
v 0.428999 0.05527302 4.989173
v 0.4697579 0.05527302 5.027154
v 0.5300828 0.265748 4.733268
v 0.5050562 0.2983633 3.060039
v 0.5050562 0.2983633 4.733268
v 0.5300828 0.265748 3.060039
v 0.3149606 0.1082677 5.179269
v 0.2755905 0.1188169 5.146654
v 0.2972642 0.1313302 5.179269
v 0.2972642 0.09057127 5.146654
v 0.3937008 0.0492126 4.752953
v 0.3580368 0.05390786 4.733268
v 0.3937008 0.0492126 4.733268
v 0.3580368 0.05390786 4.752953
v 0.4344597 0.03489357 5.067914
v 0.4697579 0.05527302 5.027154
v 0.4330709 0.04007674 5.027154
v 0.472441 0.05062592 5.067914
v 0.3529419 0.3391222 5.067914
v 0.3176436 0.3187427 5.027154
v 0.3543307 0.333939 5.027154
v 0.3149606 0.3233898 5.067914
v 0.3806447 0.04983252 4.792323
v 0.345586 0.05788582 4.772638
v 0.3806447 0.04983252 4.772638
v 0.345586 0.05788582 4.792323
v 0.3937008 0.03489357 5.027154
v 0.428999 0.05527302 4.989173
v 0.3937008 0.05062592 4.989173
v 0.4330709 0.04007674 5.027154
v 0.3529419 0.03489357 4.733268
v 0.3149606 0.05062592 3.060039
v 0.3529419 0.03489357 3.060039
v 0.3149606 0.05062592 4.733268
v 0.3596053 0.2066929 5.22398
v 0.3380231 0.2426856 5.204295
v 0.365862 0.2148467 5.22398
v 0.3255098 0.2263779 5.204295
v 0.2823454 0.2983633 3.060039
v 0.3001969 0.3489614 2.174213
v 0.2614663 0.3192424 2.174213
v 0.3149606 0.3233898 3.060039
v 0.4293648 0.3201079 4.752953
v 0.4625984 0.3063421 4.733268
v 0.4293648 0.3201079 4.733268
v 0.4625984 0.3063421 4.752953
v 0.442102 0.006372139 2.174213
v 0.3937008 -6.383782E-15 1.682087
v 0.442102 0.006372139 1.682087
v 0.3937008 -6.383782E-15 2.174213
v 0.3937008 -6.383782E-15 2.174213
v 0.3452996 0.006372139 1.682087
v 0.3937008 -6.383782E-15 1.682087
v 0.3452996 0.006372139 2.174213
v 0.3452996 0.006372139 2.174213
v 0.3001969 0.0250543 1.682087
v 0.3452996 0.006372139 1.682087
v 0.3001969 0.0250543 2.174213
v 0.3001969 0.0250543 2.174213
v 0.2614663 0.05477334 1.682087
v 0.3001969 0.0250543 1.682087
v 0.2614663 0.05477334 2.174213
v 0.2317472 0.09350394 1.682087
v 0.2614663 0.05477334 2.174213
v 0.2317472 0.09350394 2.174213
v 0.2614663 0.05477334 1.682087
v 0.2130651 0.1386067 1.682087
v 0.2317472 0.09350394 2.174213
v 0.2130651 0.1386067 2.174213
v 0.2317472 0.09350394 1.682087
v 0.2066929 0.1870079 1.682087
v 0.2130651 0.1386067 2.174213
v 0.2066929 0.1870079 2.174213
v 0.2130651 0.1386067 1.682087
v 0.2130651 0.2354091 1.682087
v 0.2066929 0.1870079 2.174213
v 0.2130651 0.2354091 2.174213
v 0.2066929 0.1870079 1.682087
v 0.2317472 0.2805118 1.682087
v 0.2130651 0.2354091 2.174213
v 0.2317472 0.2805118 2.174213
v 0.2130651 0.2354091 1.682087
v 0.2614663 0.3192424 1.682087
v 0.2317472 0.2805118 2.174213
v 0.2614663 0.3192424 2.174213
v 0.2317472 0.2805118 1.682087
v 0.5743365 0.1386067 2.174213
v 0.5556543 0.09350394 1.682087
v 0.5743365 0.1386067 1.682087
v 0.5556543 0.09350394 2.174213
v 0.5556543 0.09350394 2.174213
v 0.5259354 0.05477334 1.682087
v 0.5556543 0.09350394 1.682087
v 0.5259354 0.05477334 2.174213
v 0.5259354 0.05477334 2.174213
v 0.4872047 0.0250543 1.682087
v 0.5259354 0.05477334 1.682087
v 0.4872047 0.0250543 2.174213
v 0.4872047 0.0250543 2.174213
v 0.442102 0.006372139 1.682087
v 0.4872047 0.0250543 1.682087
v 0.442102 0.006372139 2.174213
v 0.3937008 0.03489357 5.108672
v 0.4344597 0.03489357 5.067914
v 0.3937008 0.02952756 5.067914
v 0.4330709 0.04007674 5.108672
v 0.3937008 0.05062592 5.146654
v 0.4330709 0.04007674 5.108672
v 0.3937008 0.03489357 5.108672
v 0.428999 0.05527302 5.146654
v 0.2619659 0.1517096 5.146654
v 0.2415865 0.1870079 5.108672
v 0.2573188 0.1870079 5.146654
v 0.2467697 0.1476378 5.108672
v 0.4317294 0.1768181 5.22398
v 0.4317294 0.1971976 5.22398
v 0.4330709 0.1870079 5.22398
v 0.4277963 0.1673228 5.22398
v 0.4277963 0.2066929 5.22398
v 0.4215396 0.159169 5.22398
v 0.4215396 0.2148467 5.22398
v 0.4133858 0.1529124 5.22398
v 0.4133858 0.2211034 5.22398
v 0.4038905 0.1489793 5.22398
v 0.4038905 0.2250365 5.22398
v 0.3937008 0.1476378 5.22398
v 0.3937008 0.2263779 5.22398
v 0.3835111 0.1489793 5.22398
v 0.3835111 0.2250365 5.22398
v 0.3740157 0.1529124 5.22398
v 0.3740157 0.2211034 5.22398
v 0.365862 0.159169 5.22398
v 0.365862 0.2148467 5.22398
v 0.3596053 0.1673228 5.22398
v 0.3596053 0.2066929 5.22398
v 0.3556722 0.1768181 5.22398
v 0.3556722 0.1971976 5.22398
v 0.3543307 0.1870079 5.22398
v 0.5254356 0.2223061 5.146654
v 0.4901374 0.2426856 5.179269
v 0.511811 0.2551988 5.146654
v 0.5012618 0.2158288 5.179269
v 0.5556543 0.2805118 2.174213
v 0.5259354 0.3192424 1.682087
v 0.5259354 0.3192424 2.174213
v 0.5556543 0.2805118 1.682087
v 0.3733213 0.1109507 4.931531
v 0.3937008 0.07565247 4.956558
v 0.3937008 0.1082677 4.931531
v 0.3648799 0.07944681 4.956558
v 0.5556543 0.2805118 2.174213
v 0.5743365 0.2354091 1.682087
v 0.5556543 0.2805118 1.682087
v 0.5743365 0.2354091 2.174213
v 0.472441 0.1082677 5.179269
v 0.4618918 0.1476378 5.204295
v 0.4901374 0.1313302 5.179269
v 0.4493785 0.1313302 5.204295
v 0.5743365 0.2354091 2.174213
v 0.5807087 0.1870079 1.682087
v 0.5743365 0.2354091 1.682087
v 0.5807087 0.1870079 2.174213
v 0.5807087 0.1870079 2.174213
v 0.5743365 0.1386067 1.682087
v 0.5807087 0.1870079 1.682087
v 0.5743365 0.1386067 2.174213
v 0.4067568 0.3241832 4.792323
v 0.4418156 0.3161299 4.772638
v 0.4067568 0.3241832 4.772638
v 0.4418156 0.3161299 4.792323
v 0.3001969 0.3489614 2.174213
v 0.3452996 0.3676436 1.997047
v 0.3001969 0.3489614 1.997047
v 0.3452996 0.3676436 2.174213
v 0.3380231 0.1313302 4.931531
v 0.3380231 0.09057127 4.956558
v 0.3543307 0.1188169 4.931531
v 0.3149606 0.1082677 4.956558
v 0.3937008 0.05062592 4.989173
v 0.4225217 0.07944681 4.956558
v 0.3937008 0.07565247 4.956558
v 0.428999 0.05527302 4.989173
v 0.2565254 0.2000639 4.772638
v 0.2645787 0.2351227 4.792323
v 0.2645787 0.2351227 4.772638
v 0.2565254 0.2000639 4.792323
v 0.2578204 0.1641155 4.772638
v 0.2565254 0.2000639 4.792323
v 0.2565254 0.2000639 4.772638
v 0.2578204 0.1641155 4.792323
v 0.2683754 0.1297271 4.772638
v 0.2578204 0.1641155 4.792323
v 0.2578204 0.1641155 4.772638
v 0.2683754 0.1297271 4.792323
v 0.2874711 0.09924228 4.772638
v 0.2683754 0.1297271 4.792323
v 0.2683754 0.1297271 4.772638
v 0.2874711 0.09924228 4.792323
v 0.3937008 0.07565247 5.179269
v 0.428999 0.05527302 5.146654
v 0.3937008 0.05062592 5.146654
v 0.4225217 0.07944681 5.179269
v 0.3149606 0.3233898 5.067914
v 0.3529419 0.3391222 4.792323
v 0.3149606 0.3233898 4.792323
v 0.3529419 0.3391222 5.067914
v 0.3529419 0.3391222 5.067914
v 0.3937008 0.3444882 4.792323
v 0.3529419 0.3391222 4.792323
v 0.3937008 0.3444882 5.067914
v 0.3937008 0.3444882 5.067914
v 0.4344597 0.3391222 4.792323
v 0.3937008 0.3444882 4.792323
v 0.4344597 0.3391222 5.067914
v 0.4344597 0.3391222 5.067914
v 0.472441 0.3233898 4.792323
v 0.4344597 0.3391222 4.792323
v 0.472441 0.3233898 5.067914
v 0.472441 0.3233898 5.067914
v 0.5050562 0.2983633 4.792323
v 0.472441 0.3233898 4.792323
v 0.5050562 0.2983633 5.067914
v 0.5300828 0.265748 5.067914
v 0.5012618 0.2945689 5.108672
v 0.5050562 0.2983633 5.067914
v 0.5254356 0.263065 5.108672
v 0.3255098 0.1476378 4.931531
v 0.3149606 0.1082677 4.956558
v 0.3380231 0.1313302 4.931531
v 0.2972642 0.1313302 4.956558
v 0.3543307 0.04007674 5.027154
v 0.3937008 0.05062592 4.989173
v 0.3584026 0.05527302 4.989173
v 0.3937008 0.03489357 5.027154
v 0.2619659 0.1109507 5.027154
v 0.2972642 0.09057127 4.989173
v 0.2755905 0.1188169 4.989173
v 0.2861397 0.07944681 5.027154
v 0.5050562 0.07565247 4.733268
v 0.472441 0.05062592 3.060039
v 0.5050562 0.07565247 3.060039
v 0.472441 0.05062592 4.733268
v 0.3529419 0.3391222 4.772638
v 0.3937008 0.3444882 4.752953
v 0.3529419 0.3391222 4.752953
v 0.3937008 0.3444882 4.772638
v 0.3937008 0.3444882 4.772638
v 0.4344597 0.3391222 4.752953
v 0.3937008 0.3444882 4.752953
v 0.4344597 0.3391222 4.772638
v 0.4344597 0.3391222 4.772638
v 0.472441 0.3233898 4.752953
v 0.4344597 0.3391222 4.752953
v 0.472441 0.3233898 4.772638
v 0.472441 0.3233898 4.772638
v 0.5050562 0.2983633 4.752953
v 0.472441 0.3233898 4.752953
v 0.5050562 0.2983633 4.772638
v 0.3380231 0.2426856 5.204295
v 0.3380231 0.2834445 5.179269
v 0.3543307 0.2551988 5.204295
v 0.3149606 0.265748 5.179269
v 0.4277963 0.2066929 5.22398
v 0.4493785 0.2426856 5.204295
v 0.4618918 0.2263779 5.204295
v 0.4215396 0.2148467 5.22398
v 0.3380231 0.09057127 5.179269
v 0.3380231 0.1313302 5.204295
v 0.3543307 0.1188169 5.204295
v 0.3149606 0.1082677 5.179269
v 0.5254356 0.1109507 5.108672
v 0.4901374 0.09057127 5.146654
v 0.511811 0.1188169 5.146654
v 0.5012618 0.07944681 5.108672
v 0.4225217 0.2945689 4.956558
v 0.4330709 0.2551988 4.931531
v 0.4493785 0.2834445 4.956558
v 0.4140802 0.263065 4.931531
v 0.2467697 0.2263779 5.108672
v 0.2362205 0.1870079 5.067914
v 0.2415865 0.2277668 5.067914
v 0.2415865 0.1870079 5.108672
v 0.4618918 0.06889763 5.146654
v 0.5012618 0.07944681 5.108672
v 0.4697579 0.05527302 5.108672
v 0.4901374 0.09057127 5.146654
v 0.2823454 0.07565247 5.067914
v 0.3176436 0.05527302 5.027154
v 0.2861397 0.07944681 5.027154
v 0.3149606 0.05062592 5.067914
v 0.2614663 0.3192424 2.174213
v 0.2755905 0.3300804 1.682087
v 0.2614663 0.3192424 1.682087
v 0.2755905 0.3300804 1.997047
v 0.3001969 0.3489614 1.997047
v 0.3001969 0.3489614 2.174213
v 0.4901374 0.1313302 5.179269
v 0.4697579 0.1666284 5.204295
v 0.5012618 0.158187 5.179269
v 0.4618918 0.1476378 5.204295
v 0.472441 0.1870079 4.931531
v 0.5012618 0.158187 4.956558
v 0.5050562 0.1870079 4.956558
v 0.4697579 0.1666284 4.931531
v 0.5406319 0.1476378 5.027154
v 0.5511811 0.1870079 5.067914
v 0.5458151 0.1870079 5.027154
v 0.5458151 0.146249 5.067914
v 0.5406319 0.2263779 5.108672
v 0.511811 0.2551988 5.146654
v 0.5254356 0.263065 5.108672
v 0.5254356 0.2223061 5.146654
v 0.2619659 0.1517096 4.989173
v 0.2972642 0.1313302 4.956558
v 0.2861397 0.158187 4.956558
v 0.2755905 0.1188169 4.989173
v 0.3176436 0.1666284 4.931531
v 0.2972642 0.1313302 4.956558
v 0.3255098 0.1476378 4.931531
v 0.2861397 0.158187 4.956558
v 0.3937008 0.3233898 5.146654
v 0.3543307 0.333939 5.108672
v 0.3937008 0.3391222 5.108672
v 0.3584026 0.3187427 5.146654
v 0.3149606 0.1082677 5.179269
v 0.3255098 0.06889763 5.146654
v 0.2972642 0.09057127 5.146654
v 0.3380231 0.09057127 5.179269
v 0.2415865 0.146249 5.067914
v 0.2619659 0.1109507 5.027154
v 0.2467697 0.1476378 5.027154
v 0.2573188 0.1082677 5.067914
v 0.2972642 0.09057127 5.146654
v 0.3176436 0.05527302 5.108672
v 0.2861397 0.07944681 5.108672
v 0.3255098 0.06889763 5.146654
v 0.3584026 0.05527302 5.146654
v 0.3937008 0.03489357 5.108672
v 0.3543307 0.04007674 5.108672
v 0.3937008 0.05062592 5.146654
v 0.4225217 0.07944681 5.179269
v 0.4330709 0.1188169 5.204295
v 0.4493785 0.09057127 5.179269
v 0.4140802 0.1109507 5.204295
v 0.3176436 0.05527302 5.027154
v 0.3584026 0.05527302 4.989173
v 0.3255098 0.06889763 4.989173
v 0.3543307 0.04007674 5.027154
v 0.5458151 0.146249 5.067914
v 0.5511811 0.1870079 4.792323
v 0.5511811 0.1870079 5.067914
v 0.5458151 0.146249 4.792323
v 0.3543307 0.333939 5.108672
v 0.3149606 0.3233898 5.067914
v 0.3529419 0.3391222 5.067914
v 0.3176436 0.3187427 5.108672
v 0.472441 0.05062592 3.060039
v 0.442102 0.006372139 2.174213
v 0.4872047 0.0250543 2.174213
v 0.4344597 0.03489357 3.060039
v 0.5308762 0.1739518 4.792323
v 0.5295812 0.2099003 4.772638
v 0.5295812 0.2099003 4.792323
v 0.5308762 0.1739518 4.772638
v 0.5295812 0.2099003 4.792323
v 0.5190262 0.2442887 4.772638
v 0.5190262 0.2442887 4.792323
v 0.5295812 0.2099003 4.772638
v 0.5190262 0.2442887 4.792323
v 0.4999304 0.2747734 4.772638
v 0.4999304 0.2747734 4.792323
v 0.5190262 0.2442887 4.772638
v 0.5295812 0.2099003 4.792323
v 0.5228229 0.1388931 4.792323
v 0.5308762 0.1739518 4.792323
v 0.5190262 0.2442887 4.792323
v 0.5059701 0.1071133 4.792323
v 0.4999304 0.2747734 4.792323
v 0.4814664 0.08077822 4.792323
v 0.4735954 0.2992772 4.792323
v 0.4509816 0.0616825 4.792323
v 0.4418156 0.3161299 4.792323
v 0.4165932 0.0511275 4.792323
v 0.4067568 0.3241832 4.792323
v 0.3806447 0.04983252 4.792323
v 0.3708084 0.3228883 4.792323
v 0.345586 0.05788582 4.792323
v 0.33642 0.3123333 4.792323
v 0.3138062 0.07473857 4.792323
v 0.3059352 0.2932375 4.792323
v 0.2874711 0.09924228 4.792323
v 0.2814315 0.2669024 4.792323
v 0.2683754 0.1297271 4.792323
v 0.2645787 0.2351227 4.792323
v 0.2578204 0.1641155 4.792323
v 0.2565254 0.2000639 4.792323
v 0.2755905 0.2551988 5.146654
v 0.2467697 0.2263779 5.108672
v 0.2619659 0.263065 5.108672
v 0.2619659 0.2223061 5.146654
v 0.2972642 0.2426856 5.179269
v 0.2619659 0.2223061 5.146654
v 0.2755905 0.2551988 5.146654
v 0.2861397 0.2158288 5.179269
v 0.3149606 0.05062592 4.733268
v 0.2823454 0.07565247 3.060039
v 0.3149606 0.05062592 3.060039
v 0.2823454 0.07565247 4.733268
v 0.4344597 0.3391222 5.067914
v 0.3937008 0.3391222 5.027154
v 0.4330709 0.333939 5.027154
v 0.3937008 0.3444882 5.067914
v 0.5300828 0.1082677 4.772638
v 0.5458151 0.146249 4.752953
v 0.5458151 0.146249 4.772638
v 0.5300828 0.1082677 4.752953
v 0.4493785 0.2834445 4.956558
v 0.4493785 0.2426856 4.931531
v 0.472441 0.265748 4.956558
v 0.4330709 0.2551988 4.931531
v 0.3937008 0.2983633 4.956558
v 0.4140802 0.263065 4.931531
v 0.4225217 0.2945689 4.956558
v 0.3937008 0.265748 4.931531
v 0.2066929 0.1870079 2.174213
v 0.2415865 0.2277668 3.060039
v 0.2130651 0.2354091 2.174213
v 0.2362205 0.1870079 3.060039
v 0.3937008 0.02952756 5.067914
v 0.4330709 0.04007674 5.027154
v 0.3937008 0.03489357 5.027154
v 0.4344597 0.03489357 5.067914
v 0.33642 0.3123333 4.792323
v 0.3708084 0.3228883 4.772638
v 0.33642 0.3123333 4.772638
v 0.3708084 0.3228883 4.792323
v 0.3059352 0.2932375 4.792323
v 0.33642 0.3123333 4.772638
v 0.3059352 0.2932375 4.772638
v 0.33642 0.3123333 4.792323
v 0.2814315 0.2669024 4.772638
v 0.3059352 0.2932375 4.792323
v 0.3059352 0.2932375 4.772638
v 0.2814315 0.2669024 4.792323
v 0.2645787 0.2351227 4.772638
v 0.2814315 0.2669024 4.792323
v 0.2814315 0.2669024 4.772638
v 0.2645787 0.2351227 4.792323
v 0.3937008 0.3740157 2.174213
v 0.442102 0.3676436 1.997047
v 0.3937008 0.3740157 1.997047
v 0.442102 0.3676436 2.174213
v 0.4911368 0.0895719 4.752953
v 0.4625984 0.06767367 4.733268
v 0.4911368 0.0895719 4.733268
v 0.4625984 0.06767367 4.752953
v 0.472441 0.05062592 5.067914
v 0.4344597 0.03489357 4.792323
v 0.472441 0.05062592 4.792323
v 0.4344597 0.03489357 5.067914
v 0.511811 0.1188169 4.989173
v 0.5406319 0.1476378 5.027154
v 0.5254356 0.1517096 4.989173
v 0.5254356 0.1109507 5.027154
v 0.4418156 0.3161299 4.792323
v 0.4735954 0.2992772 4.772638
v 0.4418156 0.3161299 4.772638
v 0.4735954 0.2992772 4.792323
v 0.3937008 0.3391222 5.108672
v 0.3529419 0.3391222 5.067914
v 0.3937008 0.3444882 5.067914
v 0.3543307 0.333939 5.108672
v 0.3937008 0.3391222 5.027154
v 0.3584026 0.3187427 4.989173
v 0.3937008 0.3233898 4.989173
v 0.3543307 0.333939 5.027154
v 0.3937008 0.3444882 5.067914
v 0.3543307 0.333939 5.027154
v 0.3937008 0.3391222 5.027154
v 0.3529419 0.3391222 5.067914
v 0.4735954 0.2992772 4.792323
v 0.4999304 0.2747734 4.772638
v 0.4735954 0.2992772 4.772638
v 0.4999304 0.2747734 4.792323
v 0.472441 0.265748 4.956558
v 0.4618918 0.2263779 4.931531
v 0.4901374 0.2426856 4.956558
v 0.4493785 0.2426856 4.931531
v 0.472441 0.265748 4.956558
v 0.511811 0.2551988 4.989173
v 0.4901374 0.2834445 4.989173
v 0.4901374 0.2426856 4.956558
v 0.4493785 0.1313302 4.931531
v 0.4493785 0.09057127 4.956558
v 0.472441 0.1082677 4.956558
v 0.4330709 0.1188169 4.931531
v 0.2861397 0.07944681 5.108672
v 0.3149606 0.05062592 5.067914
v 0.2823454 0.07565247 5.067914
v 0.3176436 0.05527302 5.108672
v 0.2972642 0.09057127 4.989173
v 0.3380231 0.09057127 4.956558
v 0.3149606 0.1082677 4.956558
v 0.3255098 0.06889763 4.989173
v 0.3176436 0.3187427 5.027154
v 0.2972642 0.2834445 4.989173
v 0.3255098 0.3051181 4.989173
v 0.2861397 0.2945689 5.027154
v 0.472441 0.3233898 3.060039
v 0.5259354 0.3192424 2.174213
v 0.4872047 0.3489614 2.174213
v 0.5050562 0.2983633 3.060039
v 0.3149606 0.1870079 5.204295
v 0.2861397 0.2158288 5.179269
v 0.3176436 0.2073873 5.204295
v 0.2823454 0.1870079 5.179269
v 0.3937008 0.2983633 5.179269
v 0.3584026 0.3187427 5.146654
v 0.3937008 0.3233898 5.146654
v 0.3648799 0.2945689 5.179269
v 0.4344597 0.3391222 4.733268
v 0.472441 0.3233898 3.060039
v 0.4344597 0.3391222 3.060039
v 0.472441 0.3233898 4.733268
v 0.2619659 0.1109507 5.108672
v 0.2415865 0.146249 5.067914
v 0.2467697 0.1476378 5.108672
v 0.2573188 0.1082677 5.067914
v 0.4625984 0.06767367 4.752953
v 0.4293648 0.05390786 4.733268
v 0.4625984 0.06767367 4.733268
v 0.4293648 0.05390786 4.752953
v 0.4618918 0.06889763 4.989173
v 0.472441 0.1082677 4.956558
v 0.4493785 0.09057127 4.956558
v 0.4901374 0.09057127 4.989173
v 0.3580368 0.05390786 4.752953
v 0.3248031 0.06767367 4.733268
v 0.3580368 0.05390786 4.733268
v 0.3248031 0.06767367 4.752953
v 0.3529419 0.3391222 4.733268
v 0.3937008 0.3444882 3.060039
v 0.3529419 0.3391222 3.060039
v 0.3937008 0.3444882 4.733268
v 0.5050562 0.07565247 4.733268
v 0.5300828 0.1082677 3.060039
v 0.5300828 0.1082677 4.733268
v 0.5050562 0.07565247 3.060039
v 0.2619659 0.263065 5.108672
v 0.2415865 0.2277668 5.067914
v 0.2573188 0.265748 5.067914
v 0.2467697 0.2263779 5.108672
v 0.4344597 0.3391222 3.060039
v 0.4872047 0.3489614 2.174213
v 0.442102 0.3676436 2.174213
v 0.472441 0.3233898 3.060039
v 0.3149606 0.05062592 5.067914
v 0.3543307 0.04007674 5.027154
v 0.3176436 0.05527302 5.027154
v 0.3529419 0.03489357 5.067914
v 0.428999 0.3187427 5.146654
v 0.3937008 0.3391222 5.108672
v 0.4330709 0.333939 5.108672
v 0.3937008 0.3233898 5.146654
v 0.2972642 0.2426856 4.956558
v 0.3176436 0.2073873 4.931531
v 0.3255098 0.2263779 4.931531
v 0.2861397 0.2158288 4.956558
v 0.3543307 0.1870079 5.22398
v 0.3176436 0.2073873 5.204295
v 0.3556722 0.1971976 5.22398
v 0.3149606 0.1870079 5.204295
v 0.3176436 0.1666284 5.204295
v 0.3543307 0.1870079 5.22398
v 0.3556722 0.1768181 5.22398
v 0.3149606 0.1870079 5.204295
v 0.2415865 0.2277668 3.060039
v 0.2573188 0.265748 4.733268
v 0.2573188 0.265748 3.060039
v 0.2415865 0.2277668 4.733268
v 0.5458151 0.146249 5.067914
v 0.5458151 0.1870079 5.108672
v 0.5511811 0.1870079 5.067914
v 0.5406319 0.1476378 5.108672
v 0.5406319 0.1476378 5.108672
v 0.5300828 0.1870079 5.146654
v 0.5458151 0.1870079 5.108672
v 0.5254356 0.1517096 5.146654
v 0.3584026 0.3187427 4.989173
v 0.3380231 0.2834445 4.956558
v 0.3648799 0.2945689 4.956558
v 0.3255098 0.3051181 4.989173
v 0.3937008 0.3233898 4.989173
v 0.3648799 0.2945689 4.956558
v 0.3937008 0.2983633 4.956558
v 0.3584026 0.3187427 4.989173
v 0.3380231 0.2834445 5.179269
v 0.2972642 0.2834445 5.146654
v 0.3255098 0.3051181 5.146654
v 0.3149606 0.265748 5.179269
v 0.3648799 0.2945689 4.956558
v 0.3937008 0.265748 4.931531
v 0.3937008 0.2983633 4.956558
v 0.3733213 0.263065 4.931531
v 0.3380231 0.09057127 5.179269
v 0.3584026 0.05527302 5.146654
v 0.3255098 0.06889763 5.146654
v 0.3648799 0.07944681 5.179269
v 0.4697579 0.3187427 5.027154
v 0.428999 0.3187427 4.989173
v 0.4618918 0.3051181 4.989173
v 0.4330709 0.333939 5.027154
v 0.2573188 0.265748 5.067914
v 0.2861397 0.2945689 5.027154
v 0.2823454 0.2983633 5.067914
v 0.2619659 0.263065 5.027154
v 0.3380231 0.2834445 4.956558
v 0.3380231 0.2426856 4.931531
v 0.3543307 0.2551988 4.931531
v 0.3149606 0.265748 4.956558
v 0.2861397 0.07944681 5.027154
v 0.3255098 0.06889763 4.989173
v 0.2972642 0.09057127 4.989173
v 0.3176436 0.05527302 5.027154
v 0.4697579 0.1666284 4.931531
v 0.4901374 0.1313302 4.956558
v 0.5012618 0.158187 4.956558
v 0.4618918 0.1476378 4.931531
v 0.4901374 0.1313302 4.956558
v 0.5254356 0.1517096 4.989173
v 0.5012618 0.158187 4.956558
v 0.511811 0.1188169 4.989173
v 0.2861397 0.158187 5.179269
v 0.3149606 0.1870079 5.204295
v 0.3176436 0.1666284 5.204295
v 0.2823454 0.1870079 5.179269
v 0.2573188 0.1082677 5.067914
v 0.2861397 0.07944681 5.027154
v 0.2619659 0.1109507 5.027154
v 0.2823454 0.07565247 5.067914
v 0.2467697 0.1476378 5.108672
v 0.2362205 0.1870079 5.067914
v 0.2415865 0.1870079 5.108672
v 0.2415865 0.146249 5.067914
v 0.3733213 0.263065 5.204295
v 0.3937008 0.2983633 5.179269
v 0.3937008 0.265748 5.204295
v 0.3648799 0.2945689 5.179269
v 0.2972642 0.09057127 5.146654
v 0.2619659 0.1109507 5.108672
v 0.2755905 0.1188169 5.146654
v 0.2861397 0.07944681 5.108672
v 0.3529419 0.03489357 5.067914
v 0.3937008 0.03489357 5.027154
v 0.3543307 0.04007674 5.027154
v 0.3937008 0.02952756 5.067914
v 0.3149606 0.05062592 3.060039
v 0.2614663 0.05477334 2.174213
v 0.3001969 0.0250543 2.174213
v 0.2823454 0.07565247 3.060039
v 0.2823454 0.1870079 5.179269
v 0.2619659 0.1517096 5.146654
v 0.2573188 0.1870079 5.146654
v 0.2861397 0.158187 5.179269
v 0.5254356 0.263065 5.108672
v 0.4901374 0.2834445 5.146654
v 0.5012618 0.2945689 5.108672
v 0.511811 0.2551988 5.146654
v 0.2755905 0.1188169 5.146654
v 0.2467697 0.1476378 5.108672
v 0.2619659 0.1517096 5.146654
v 0.2619659 0.1109507 5.108672
v 0.365862 0.2148467 5.22398
v 0.3543307 0.2551988 5.204295
v 0.3740157 0.2211034 5.22398
v 0.3380231 0.2426856 5.204295
v 0.4493785 0.1313302 5.204295
v 0.4277963 0.1673228 5.22398
v 0.4618918 0.1476378 5.204295
v 0.4215396 0.159169 5.22398
v 0.3556722 0.1971976 5.22398
v 0.3255098 0.2263779 5.204295
v 0.3596053 0.2066929 5.22398
v 0.3176436 0.2073873 5.204295
v 0.531496 0.1870079 4.752953
v 0.5268008 0.2226719 4.733268
v 0.5268008 0.2226719 4.752953
v 0.531496 0.1870079 4.733268
v 0.4330709 0.1870079 5.22398
v 0.4697579 0.2073873 5.204295
v 0.472441 0.1870079 5.204295
v 0.4317294 0.1971976 5.22398
v 0.4317294 0.1971976 5.22398
v 0.4618918 0.2263779 5.204295
v 0.4697579 0.2073873 5.204295
v 0.4277963 0.2066929 5.22398
v 0.5511811 0.1870079 4.733268
v 0.5458151 0.2277668 3.060039
v 0.5458151 0.2277668 4.733268
v 0.5511811 0.1870079 3.060039
v 0.4215396 0.2148467 5.22398
v 0.4330709 0.2551988 5.204295
v 0.4493785 0.2426856 5.204295
v 0.4133858 0.2211034 5.22398
v 0.4133858 0.2211034 5.22398
v 0.4140802 0.263065 5.204295
v 0.4330709 0.2551988 5.204295
v 0.4038905 0.2250365 5.22398
v 0.3733213 0.1109507 5.204295
v 0.3937008 0.1476378 5.22398
v 0.3937008 0.1082677 5.204295
v 0.3835111 0.1489793 5.22398
v 0.4618918 0.1476378 5.204295
v 0.4317294 0.1768181 5.22398
v 0.4697579 0.1666284 5.204295
v 0.4277963 0.1673228 5.22398
v 0.3380231 0.1313302 5.204295
v 0.3596053 0.1673228 5.22398
v 0.365862 0.159169 5.22398
v 0.3255098 0.1476378 5.204295
v 0.3543307 0.1188169 5.204295
v 0.365862 0.159169 5.22398
v 0.3740157 0.1529124 5.22398
v 0.3380231 0.1313302 5.204295
v 0.3648799 0.07944681 5.179269
v 0.3937008 0.05062592 5.146654
v 0.3584026 0.05527302 5.146654
v 0.3937008 0.07565247 5.179269
v 0.3648799 0.07944681 5.179269
v 0.3937008 0.1082677 5.204295
v 0.3937008 0.07565247 5.179269
v 0.3733213 0.1109507 5.204295
v 0.4330709 0.1188169 5.204295
v 0.4215396 0.159169 5.22398
v 0.4493785 0.1313302 5.204295
v 0.4133858 0.1529124 5.22398
v 0.4140802 0.1109507 5.204295
v 0.4133858 0.1529124 5.22398
v 0.4330709 0.1188169 5.204295
v 0.4038905 0.1489793 5.22398
v 0.3937008 0.1082677 5.204295
v 0.4038905 0.1489793 5.22398
v 0.4140802 0.1109507 5.204295
v 0.3937008 0.1476378 5.22398
v 0.5300828 0.1082677 5.067914
v 0.5458151 0.146249 4.792323
v 0.5458151 0.146249 5.067914
v 0.5300828 0.1082677 4.792323
v 0.2755905 0.1188169 4.989173
v 0.3149606 0.1082677 4.956558
v 0.2972642 0.1313302 4.956558
v 0.2972642 0.09057127 4.989173
v 0.3648799 0.2945689 5.179269
v 0.3255098 0.3051181 5.146654
v 0.3584026 0.3187427 5.146654
v 0.3380231 0.2834445 5.179269
v 0.5254356 0.1517096 5.146654
v 0.5050562 0.1870079 5.179269
v 0.5300828 0.1870079 5.146654
v 0.5012618 0.158187 5.179269
v 0.5012618 0.158187 5.179269
v 0.472441 0.1870079 5.204295
v 0.5050562 0.1870079 5.179269
v 0.4697579 0.1666284 5.204295
v 0.3584026 0.05527302 4.989173
v 0.3937008 0.07565247 4.956558
v 0.3648799 0.07944681 4.956558
v 0.3937008 0.05062592 4.989173
v 0.3149606 0.3233898 3.060039
v 0.3452996 0.3676436 2.174213
v 0.3001969 0.3489614 2.174213
v 0.3529419 0.3391222 3.060039
v 0.3149606 0.3233898 4.733268
v 0.3529419 0.3391222 3.060039
v 0.3149606 0.3233898 3.060039
v 0.3529419 0.3391222 4.733268
v 0.5254356 0.1517096 5.146654
v 0.4901374 0.1313302 5.179269
v 0.5012618 0.158187 5.179269
v 0.511811 0.1188169 5.146654
v 0.3255098 0.06889763 4.989173
v 0.3648799 0.07944681 4.956558
v 0.3380231 0.09057127 4.956558
v 0.3584026 0.05527302 4.989173
v 0.3937008 0.02952756 4.733268
v 0.3529419 0.03489357 3.060039
v 0.3937008 0.02952756 3.060039
v 0.3529419 0.03489357 4.733268
v 0.3255098 0.1476378 5.204295
v 0.3556722 0.1768181 5.22398
v 0.3596053 0.1673228 5.22398
v 0.3176436 0.1666284 5.204295
v 0.5254356 0.2223061 4.989173
v 0.5458151 0.1870079 5.027154
v 0.5406319 0.2263779 5.027154
v 0.5300828 0.1870079 4.989173
v 0.4140802 0.263065 5.204295
v 0.3937008 0.2983633 5.179269
v 0.4225217 0.2945689 5.179269
v 0.3937008 0.265748 5.204295
v 0.2972642 0.1313302 5.179269
v 0.2619659 0.1517096 5.146654
v 0.2861397 0.158187 5.179269
v 0.2755905 0.1188169 5.146654
v 0.3648799 0.07944681 5.179269
v 0.3543307 0.1188169 5.204295
v 0.3733213 0.1109507 5.204295
v 0.3380231 0.09057127 5.179269
v 0.5268008 0.2226719 4.752953
v 0.513035 0.2559055 4.733268
v 0.513035 0.2559055 4.752953
v 0.5268008 0.2226719 4.733268
v 0.3149606 0.3233898 5.067914
v 0.2861397 0.2945689 5.027154
v 0.3176436 0.3187427 5.027154
v 0.2823454 0.2983633 5.067914
v 0.2619659 0.1517096 4.989173
v 0.2823454 0.1870079 4.956558
v 0.2573188 0.1870079 4.989173
v 0.2861397 0.158187 4.956558
v 0.5300828 0.1870079 5.146654
v 0.5012618 0.2158288 5.179269
v 0.5254356 0.2223061 5.146654
v 0.5050562 0.1870079 5.179269
v 0.5254356 0.263065 5.027154
v 0.5458151 0.2277668 5.067914
v 0.5300828 0.265748 5.067914
v 0.5406319 0.2263779 5.027154
v 0.3733213 0.1109507 5.204295
v 0.3740157 0.1529124 5.22398
v 0.3835111 0.1489793 5.22398
v 0.3543307 0.1188169 5.204295
v 0.3255098 0.3051181 5.146654
v 0.2861397 0.2945689 5.108672
v 0.3176436 0.3187427 5.108672
v 0.2972642 0.2834445 5.146654
v 0.3543307 0.04007674 5.108672
v 0.3937008 0.02952756 5.067914
v 0.3529419 0.03489357 5.067914
v 0.3937008 0.03489357 5.108672
v 0.4493785 0.2426856 5.204295
v 0.4493785 0.2834445 5.179269
v 0.472441 0.265748 5.179269
v 0.4330709 0.2551988 5.204295
v 0.2619659 0.2223061 4.989173
v 0.2972642 0.2426856 4.956558
v 0.2755905 0.2551988 4.989173
v 0.2861397 0.2158288 4.956558
v 0.513035 0.2559055 4.752953
v 0.4911368 0.2844439 4.733268
v 0.4911368 0.2844439 4.752953
v 0.513035 0.2559055 4.733268
v 0.5012618 0.158187 4.956558
v 0.5300828 0.1870079 4.989173
v 0.5050562 0.1870079 4.956558
v 0.5254356 0.1517096 4.989173
v 0.5254356 0.1517096 4.989173
v 0.5458151 0.1870079 5.027154
v 0.5300828 0.1870079 4.989173
v 0.5406319 0.1476378 5.027154
v 0.5458151 0.1870079 5.108672
v 0.5254356 0.2223061 5.146654
v 0.5406319 0.2263779 5.108672
v 0.5300828 0.1870079 5.146654
v 0.3529419 0.3391222 3.060039
v 0.3937008 0.3740157 2.174213
v 0.3452996 0.3676436 2.174213
v 0.3937008 0.3444882 3.060039
v 0.4330709 0.2551988 5.204295
v 0.4225217 0.2945689 5.179269
v 0.4493785 0.2834445 5.179269
v 0.4140802 0.263065 5.204295
v 0.511811 0.3300804 1.997047
v 0.2755905 0.07874016 1.997047
v 0.511811 0.07874016 1.997047
v 0.4872047 0.3489614 1.997047
v 0.442102 0.3676436 1.997047
v 0.3937008 0.3740157 1.997047
v 0.3452996 0.3676436 1.997047
v 0.3001969 0.3489614 1.997047
v 0.2755905 0.3300804 1.997047
v 0.4344597 0.03489357 3.060039
v 0.3937008 -6.383782E-15 2.174213
v 0.442102 0.006372139 2.174213
v 0.3937008 0.02952756 3.060039
v 0.2415865 0.2277668 5.067914
v 0.2619659 0.263065 5.027154
v 0.2573188 0.265748 5.067914
v 0.2467697 0.2263779 5.027154
v 0.4330709 0.333939 5.027154
v 0.3937008 0.3233898 4.989173
v 0.428999 0.3187427 4.989173
v 0.3937008 0.3391222 5.027154
v 0.428999 0.05527302 5.146654
v 0.4697579 0.05527302 5.108672
v 0.4330709 0.04007674 5.108672
v 0.4618918 0.06889763 5.146654
v 0.3937008 0.3248031 4.752953
v 0.4293648 0.3201079 4.733268
v 0.3937008 0.3248031 4.733268
v 0.4293648 0.3201079 4.752953
v 0.4493785 0.2834445 5.179269
v 0.428999 0.3187427 5.146654
v 0.4618918 0.3051181 5.146654
v 0.4225217 0.2945689 5.179269
v 0.5406319 0.1476378 5.108672
v 0.511811 0.1188169 5.146654
v 0.5254356 0.1517096 5.146654
v 0.5254356 0.1109507 5.108672
v 0.3255098 0.2263779 5.204295
v 0.3149606 0.265748 5.179269
v 0.3380231 0.2426856 5.204295
v 0.2972642 0.2426856 5.179269
v 0.4901374 0.09057127 4.989173
v 0.5254356 0.1109507 5.027154
v 0.511811 0.1188169 4.989173
v 0.5012618 0.07944681 5.027154
v 0.5012618 0.07944681 5.027154
v 0.5300828 0.1082677 5.067914
v 0.5254356 0.1109507 5.027154
v 0.5050562 0.07565247 5.067914
v 0.3543307 0.1188169 4.931531
v 0.3648799 0.07944681 4.956558
v 0.3733213 0.1109507 4.931531
v 0.3380231 0.09057127 4.956558
v 0.2130651 0.2354091 2.174213
v 0.2573188 0.265748 3.060039
v 0.2317472 0.2805118 2.174213
v 0.2415865 0.2277668 3.060039
v 0.3176436 0.05527302 5.108672
v 0.3529419 0.03489357 5.067914
v 0.3149606 0.05062592 5.067914
v 0.3543307 0.04007674 5.108672
v 0.2467697 0.1476378 5.027154
v 0.2755905 0.1188169 4.989173
v 0.2619659 0.1517096 4.989173
v 0.2619659 0.1109507 5.027154
v 0.5300828 0.1082677 5.067914
v 0.5012618 0.07944681 5.108672
v 0.5254356 0.1109507 5.108672
v 0.5050562 0.07565247 5.067914
v 0.472441 0.3233898 5.067914
v 0.4330709 0.333939 5.027154
v 0.4697579 0.3187427 5.027154
v 0.4344597 0.3391222 5.067914
v 0.4493785 0.09057127 5.179269
v 0.4493785 0.1313302 5.204295
v 0.472441 0.1082677 5.179269
v 0.4330709 0.1188169 5.204295
v 0.5268008 0.2226719 4.752953
v 0.5268008 0.1513438 4.752953
v 0.531496 0.1870079 4.752953
v 0.513035 0.2559055 4.752953
v 0.513035 0.1181102 4.752953
v 0.4911368 0.2844439 4.752953
v 0.4911368 0.0895719 4.752953
v 0.4625984 0.3063421 4.752953
v 0.4625984 0.06767367 4.752953
v 0.4293648 0.3201079 4.752953
v 0.4293648 0.05390786 4.752953
v 0.3937008 0.3248031 4.752953
v 0.3937008 0.0492126 4.752953
v 0.3580368 0.3201079 4.752953
v 0.3580368 0.05390786 4.752953
v 0.3248031 0.3063421 4.752953
v 0.3248031 0.06767367 4.752953
v 0.2962648 0.2844439 4.752953
v 0.2962648 0.0895719 4.752953
v 0.2743666 0.2559055 4.752953
v 0.2743666 0.1181102 4.752953
v 0.2606008 0.2226719 4.752953
v 0.2606008 0.1513438 4.752953
v 0.2559055 0.1870079 4.752953
v 0.3937008 0.3444882 3.060039
v 0.442102 0.3676436 2.174213
v 0.3937008 0.3740157 2.174213
v 0.4344597 0.3391222 3.060039
v 0.4330709 0.333939 5.108672
v 0.3937008 0.3444882 5.067914
v 0.4344597 0.3391222 5.067914
v 0.3937008 0.3391222 5.108672
v 0.5458151 0.146249 3.060039
v 0.5807087 0.1870079 2.174213
v 0.5511811 0.1870079 3.060039
v 0.5743365 0.1386067 2.174213
v 0.5050562 0.2983633 5.067914
v 0.4697579 0.3187427 5.027154
v 0.5012618 0.2945689 5.027154
v 0.472441 0.3233898 5.067914
v 0.472441 0.265748 5.179269
v 0.4618918 0.3051181 5.146654
v 0.4901374 0.2834445 5.146654
v 0.4493785 0.2834445 5.179269
v 0.2619659 0.263065 5.027154
v 0.2972642 0.2834445 4.989173
v 0.2861397 0.2945689 5.027154
v 0.2755905 0.2551988 4.989173
v 0.3176436 0.2073873 5.204295
v 0.2972642 0.2426856 5.179269
v 0.3255098 0.2263779 5.204295
v 0.2861397 0.2158288 5.179269
v 0.4618918 0.3051181 4.989173
v 0.4225217 0.2945689 4.956558
v 0.4493785 0.2834445 4.956558
v 0.428999 0.3187427 4.989173
v 0.472441 0.05062592 4.733268
v 0.4344597 0.03489357 3.060039
v 0.472441 0.05062592 3.060039
v 0.4344597 0.03489357 4.733268
v 0.513035 0.1181102 4.752953
v 0.5268008 0.1513438 4.733268
v 0.5268008 0.1513438 4.752953
v 0.513035 0.1181102 4.733268
v 0.4625984 0.3063421 4.752953
v 0.4911368 0.2844439 4.733268
v 0.4625984 0.3063421 4.733268
v 0.4911368 0.2844439 4.752953
v 0.4814664 0.08077822 4.792323
v 0.4509816 0.0616825 4.772638
v 0.4814664 0.08077822 4.772638
v 0.4509816 0.0616825 4.792323
v 0.4814664 0.08077822 4.792323
v 0.5059701 0.1071133 4.772638
v 0.5059701 0.1071133 4.792323
v 0.4814664 0.08077822 4.772638
v 0.5059701 0.1071133 4.792323
v 0.5228229 0.1388931 4.772638
v 0.5228229 0.1388931 4.792323
v 0.5059701 0.1071133 4.772638
v 0.5228229 0.1388931 4.792323
v 0.5308762 0.1739518 4.772638
v 0.5308762 0.1739518 4.792323
v 0.5228229 0.1388931 4.772638
v 0.5300828 0.265748 3.060039
v 0.5743365 0.2354091 2.174213
v 0.5556543 0.2805118 2.174213
v 0.5458151 0.2277668 3.060039
v 0.4901374 0.2834445 4.989173
v 0.4493785 0.2834445 4.956558
v 0.472441 0.265748 4.956558
v 0.4618918 0.3051181 4.989173
v 0.4618918 0.1476378 4.931531
v 0.472441 0.1082677 4.956558
v 0.4901374 0.1313302 4.956558
v 0.4493785 0.1313302 4.931531
v 0.4509816 0.0616825 4.792323
v 0.4165932 0.0511275 4.772638
v 0.4509816 0.0616825 4.772638
v 0.4165932 0.0511275 4.792323
v 0.511811 0.1188169 5.146654
v 0.472441 0.1082677 5.179269
v 0.4901374 0.1313302 5.179269
v 0.4901374 0.09057127 5.146654
v 0.442102 0.3676436 2.174213
v 0.4872047 0.3489614 1.997047
v 0.442102 0.3676436 1.997047
v 0.4872047 0.3489614 2.174213
v 0.4872047 0.3489614 2.174213
v 0.511811 0.3300804 1.997047
v 0.4872047 0.3489614 1.997047
v 0.5259354 0.3192424 1.682087
v 0.511811 0.3300804 1.682087
v 0.5259354 0.3192424 2.174213
v 0.2362205 0.1870079 4.752953
v 0.2415865 0.2277668 4.772638
v 0.2415865 0.2277668 4.752953
v 0.2362205 0.1870079 4.772638
v 0.2415865 0.2277668 4.752953
v 0.2573188 0.265748 4.772638
v 0.2573188 0.265748 4.752953
v 0.2415865 0.2277668 4.772638
v 0.2573188 0.265748 4.752953
v 0.2823454 0.2983633 4.772638
v 0.2823454 0.2983633 4.752953
v 0.2573188 0.265748 4.772638
v 0.3176436 0.3187427 5.108672
v 0.2823454 0.2983633 5.067914
v 0.3149606 0.3233898 5.067914
v 0.2861397 0.2945689 5.108672
v 0.472441 0.1082677 4.956558
v 0.511811 0.1188169 4.989173
v 0.4901374 0.1313302 4.956558
v 0.4901374 0.09057127 4.989173
v 0.4911368 0.0895719 4.752953
v 0.513035 0.1181102 4.733268
v 0.513035 0.1181102 4.752953
v 0.4911368 0.0895719 4.733268
v 0.2972642 0.1313302 5.179269
v 0.3176436 0.1666284 5.204295
v 0.3255098 0.1476378 5.204295
v 0.2861397 0.158187 5.179269
v 0.5050562 0.2983633 3.060039
v 0.5556543 0.2805118 2.174213
v 0.5259354 0.3192424 2.174213
v 0.5300828 0.265748 3.060039
v 0.4697579 0.3187427 5.108672
v 0.4344597 0.3391222 5.067914
v 0.472441 0.3233898 5.067914
v 0.4330709 0.333939 5.108672
v 0.4493785 0.09057127 5.179269
v 0.4901374 0.09057127 5.146654
v 0.4618918 0.06889763 5.146654
v 0.472441 0.1082677 5.179269
v 0.4697579 0.05527302 5.108672
v 0.5050562 0.07565247 5.067914
v 0.472441 0.05062592 5.067914
v 0.5012618 0.07944681 5.108672
v 0.3149606 0.1082677 5.179269
v 0.3255098 0.1476378 5.204295
v 0.3380231 0.1313302 5.204295
v 0.2972642 0.1313302 5.179269
v 0.2755905 0.2551988 4.989173
v 0.3149606 0.265748 4.956558
v 0.2972642 0.2834445 4.989173
v 0.2972642 0.2426856 4.956558
v 0.4038905 0.2250365 5.22398
v 0.3937008 0.265748 5.204295
v 0.4140802 0.263065 5.204295
v 0.3937008 0.2263779 5.22398
v -0.3346457 6.003937 0.6850393
v -0.3346457 5.413386 0.6062992
v -0.3346457 5.413386 0.6850393
v -0.3346457 6.003937 0.6062992
v -0.2559055 1.830709 0.6062992
v -0.3346457 1.240157 0.6062992
v -0.3346457 1.830709 0.6062992
v -0.2559055 1.240157 0.6062992
v -0.2559055 1.712598 0.6062992
v -0.3346457 5.334646 0.8818898
v -0.3346457 3.503937 0.6850393
v -0.3346457 3.503937 0.8818898
v -0.3346457 5.334646 0.6850393
v -0.3346457 5.334646 0.6850393
v -0.3346457 3.503937 0.6062992
v -0.3346457 3.503937 0.6850393
v -0.3346457 5.334646 0.6062992
v -0.2559055 1.606261 1.068898
v -0.3346457 1.612161 1.054655
v -0.2559055 1.612161 1.054655
v -0.3346457 1.606261 1.068898
v -0.2559055 1.614173 1.03937
v -0.3346457 1.612161 1.024086
v -0.2559055 1.612161 1.024086
v -0.3346457 1.614173 1.03937
v -0.2559055 1.596876 1.081128
v -0.3346457 1.584646 1.090513
v -0.3346457 1.596876 1.081128
v -0.2559055 1.584646 1.090513
v -0.2559055 1.570403 1.096413
v -0.3346457 1.555118 1.098425
v -0.3346457 1.570403 1.096413
v -0.2559055 1.555118 1.098425
v -0.2559055 1.555118 0.980315
v -0.3346457 1.570403 0.9823272
v -0.3346457 1.555118 0.980315
v -0.2559055 1.570403 0.9823272
v -0.2559055 1.525591 0.9882268
v -0.3346457 1.539834 0.9823272
v -0.3346457 1.525591 0.9882268
v -0.2559055 1.539834 0.9823272
v -0.3346457 1.503975 1.009843
v -0.2559055 1.51336 0.9976118
v -0.3346457 1.51336 0.9976118
v -0.2559055 1.503975 1.009843
v -0.3346457 1.496063 1.03937
v -0.2559055 1.498075 1.024086
v -0.3346457 1.498075 1.024086
v -0.2559055 1.496063 1.03937
v -0.2559055 1.606261 1.009843
v -0.3346457 1.596876 0.9976118
v -0.2559055 1.596876 0.9976118
v -0.3346457 1.606261 1.009843
v -0.3346457 1.503975 1.068898
v -0.2559055 1.498075 1.054655
v -0.3346457 1.498075 1.054655
v -0.2559055 1.503975 1.068898
v -0.2559055 1.525591 1.090513
v -0.3346457 1.51336 1.081128
v -0.3346457 1.525591 1.090513
v -0.2559055 1.51336 1.081128
v -0.2559055 1.555118 1.098425
v -0.3346457 1.539834 1.096413
v -0.3346457 1.555118 1.098425
v -0.2559055 1.539834 1.096413
v -0.2559055 1.51336 0.9976118
v -0.3346457 1.525591 0.9882268
v -0.3346457 1.51336 0.9976118
v -0.2559055 1.525591 0.9882268
v -0.2559055 1.596876 1.081128
v -0.3346457 1.606261 1.068898
v -0.2559055 1.606261 1.068898
v -0.3346457 1.596876 1.081128
v -0.2559055 1.612161 1.054655
v -0.3346457 1.614173 1.03937
v -0.2559055 1.614173 1.03937
v -0.3346457 1.612161 1.054655
v -0.2559055 1.539834 1.096413
v -0.3346457 1.525591 1.090513
v -0.3346457 1.539834 1.096413
v -0.2559055 1.525591 1.090513
v -0.3346457 1.498075 1.024086
v -0.2559055 1.503975 1.009843
v -0.3346457 1.503975 1.009843
v -0.2559055 1.498075 1.024086
v -0.2559055 1.612161 1.024086
v -0.3346457 1.606261 1.009843
v -0.2559055 1.606261 1.009843
v -0.3346457 1.612161 1.024086
v -0.3346457 1.498075 1.054655
v -0.2559055 1.496063 1.03937
v -0.3346457 1.496063 1.03937
v -0.2559055 1.498075 1.054655
v -0.3346457 1.51336 1.081128
v -0.2559055 1.503975 1.068898
v -0.3346457 1.503975 1.068898
v -0.2559055 1.51336 1.081128
v -0.2559055 1.570403 0.9823272
v -0.3346457 1.584646 0.9882268
v -0.3346457 1.570403 0.9823272
v -0.2559055 1.584646 0.9882268
v -0.2559055 1.539834 0.9823272
v -0.3346457 1.555118 0.980315
v -0.3346457 1.539834 0.9823272
v -0.2559055 1.555118 0.980315
v -0.2559055 1.584646 1.090513
v -0.3346457 1.570403 1.096413
v -0.3346457 1.584646 1.090513
v -0.2559055 1.570403 1.096413
v -0.3346457 1.48429 0.738189
v -0.2559055 1.493675 0.7259583
v -0.3346457 1.493675 0.7259583
v -0.2559055 1.48429 0.738189
v -0.2559055 1.584646 0.9882268
v -0.3346457 1.596876 0.9976118
v -0.3346457 1.584646 0.9882268
v -0.2559055 1.596876 0.9976118
v -0.3346457 1.476378 0.7677165
v -0.2559055 1.47839 0.7524319
v -0.3346457 1.47839 0.7524319
v -0.2559055 1.476378 0.7677165
v -0.2559055 1.577191 0.8094748
v -0.3346457 1.586576 0.7972441
v -0.2559055 1.586576 0.7972441
v -0.3346457 1.577191 0.8094748
v -0.3346457 3.300197 0.6850393
v -0.3346457 2.647146 0.6062992
v -0.3346457 2.647146 0.6850393
v -0.3346457 3.300197 0.6062992
v -0.2559055 1.592476 0.7830011
v -0.3346457 1.594488 0.7677165
v -0.2559055 1.594488 0.7677165
v -0.3346457 1.592476 0.7830011
v -0.2559055 1.564961 0.7165733
v -0.3346457 1.577191 0.7259583
v -0.3346457 1.564961 0.7165733
v -0.2559055 1.577191 0.7259583
v -0.2559055 1.240157 0.6062992
v -0.2559055 1.48429 0.738189
v -0.2559055 1.240157 1.19685
v -0.2559055 1.493675 0.7259583
v -0.2559055 1.505906 0.7165733
v -0.2559055 1.712598 0.6062992
v -0.2559055 1.47839 0.7524319
v -0.2559055 1.476378 0.7677165
v -0.2559055 1.520149 0.7106737
v -0.2559055 1.535433 0.7086614
v -0.2559055 1.550718 0.7106737
v -0.2559055 1.564961 0.7165733
v -0.2559055 1.577191 0.7259583
v -0.2559055 1.586576 0.738189
v -0.2559055 1.592476 0.7524319
v -0.2559055 1.594488 0.7677165
v -0.2559055 1.596876 0.9976118
v -0.2559055 1.606261 1.009843
v -0.2559055 1.612161 1.024086
v -0.2559055 1.614173 1.03937
v -0.2559055 1.525591 1.090513
v -0.2559055 1.712598 1.19685
v -0.2559055 1.51336 1.081128
v -0.2559055 1.503975 1.068898
v -0.2559055 1.498075 1.054655
v -0.2559055 1.496063 1.03937
v -0.2559055 1.47839 0.7830011
v -0.2559055 1.48429 0.7972441
v -0.2559055 1.493675 0.8094748
v -0.2559055 1.539834 1.096413
v -0.2559055 1.555118 1.098425
v -0.2559055 1.570403 1.096413
v -0.2559055 1.584646 1.090513
v -0.2559055 1.596876 1.081128
v -0.2559055 1.606261 1.068898
v -0.2559055 1.612161 1.054655
v -0.2559055 1.505906 0.8188598
v -0.2559055 1.498075 1.024086
v -0.2559055 1.503975 1.009843
v -0.2559055 1.51336 0.9976118
v -0.2559055 1.520149 0.8247594
v -0.2559055 1.525591 0.9882268
v -0.2559055 1.535433 0.8267717
v -0.2559055 1.539834 0.9823272
v -0.2559055 1.550718 0.8247594
v -0.2559055 1.555118 0.980315
v -0.2559055 1.564961 0.8188598
v -0.2559055 1.570403 0.9823272
v -0.2559055 1.577191 0.8094748
v -0.2559055 1.584646 0.9882268
v -0.2559055 1.586576 0.7972441
v -0.2559055 1.592476 0.7830011
v -0.3346457 3.300197 0.8818898
v -0.3346457 2.647146 0.6850393
v -0.3346457 2.647146 0.8818898
v -0.3346457 3.300197 0.6850393
v -0.2559055 1.594488 0.7677165
v -0.3346457 1.592476 0.7524319
v -0.2559055 1.592476 0.7524319
v -0.3346457 1.594488 0.7677165
v -0.2559055 1.535433 0.7086614
v -0.3346457 1.550718 0.7106737
v -0.3346457 1.535433 0.7086614
v -0.2559055 1.550718 0.7106737
v -0.3346457 1.440362 0.7931908
v -0.3346457 1.440362 0.7422422
v -0.3346457 1.437008 0.7677165
v -0.3346457 1.450194 0.8169292
v -0.3346457 1.450194 0.718504
v -0.3346457 1.465836 0.8373137
v -0.3346457 1.465836 0.6981194
v -0.3346457 1.48622 0.8529553
v -0.3346457 1.476378 0.7677165
v -0.3346457 1.47839 0.7830011
v -0.3346457 1.48429 0.7972441
v -0.3346457 1.493675 0.8094748
v -0.3346457 1.509959 0.862788
v -0.3346457 1.505906 0.8188598
v -0.3346457 1.520149 0.8247594
v -0.3346457 1.535433 0.8661417
v -0.3346457 1.535433 0.8267717
v -0.3346457 1.560907 0.862788
v -0.3346457 1.550718 0.8247594
v -0.3346457 1.564961 0.8188598
v -0.3346457 1.584646 0.8529553
v -0.3346457 1.577191 0.8094748
v -0.3346457 1.586576 0.7972441
v -0.3346457 1.60503 0.8373137
v -0.3346457 1.592476 0.7830011
v -0.3346457 1.594488 0.7677165
v -0.3346457 1.48622 0.6824778
v -0.3346457 1.47839 0.7524319
v -0.3346457 1.48429 0.738189
v -0.3346457 1.493675 0.7259583
v -0.3346457 1.509959 0.6726451
v -0.3346457 1.505906 0.7165733
v -0.3346457 1.520149 0.7106737
v -0.3346457 1.535433 0.6692913
v -0.3346457 1.535433 0.7086614
v -0.3346457 1.550718 0.7106737
v -0.3346457 1.560907 0.6726451
v -0.3346457 1.564961 0.7165733
v -0.3346457 1.584646 0.6824778
v -0.3346457 1.577191 0.7259583
v -0.3346457 1.586576 0.738189
v -0.3346457 1.60503 0.6981194
v -0.3346457 1.592476 0.7524319
v -0.3346457 1.620672 0.8169292
v -0.3346457 1.620672 0.718504
v -0.3346457 1.630504 0.7931908
v -0.3346457 1.630504 0.7422422
v -0.3346457 1.633858 0.7677165
v -0.3346457 1.440362 2.338722
v -0.3346457 1.440362 2.287773
v -0.3346457 1.437008 2.313247
v -0.3346457 1.450194 2.36246
v -0.3346457 1.450194 2.264035
v -0.3346457 1.465836 2.382844
v -0.3346457 1.465836 2.24365
v -0.3346457 1.48622 2.398486
v -0.3346457 1.476378 2.313247
v -0.3346457 1.47839 2.328532
v -0.3346457 1.48429 2.342775
v -0.3346457 1.493675 2.355006
v -0.3346457 1.509959 2.408319
v -0.3346457 1.505906 2.36439
v -0.3346457 1.520149 2.37029
v -0.3346457 1.535433 2.411672
v -0.3346457 1.535433 2.372302
v -0.3346457 1.560907 2.408319
v -0.3346457 1.550718 2.37029
v -0.3346457 1.564961 2.36439
v -0.3346457 1.584646 2.398486
v -0.3346457 1.577191 2.355006
v -0.3346457 1.586576 2.342775
v -0.3346457 1.60503 2.382844
v -0.3346457 1.592476 2.328532
v -0.3346457 1.594488 2.313247
v -0.3346457 1.48622 2.228009
v -0.3346457 1.47839 2.297963
v -0.3346457 1.48429 2.28372
v -0.3346457 1.493675 2.271489
v -0.3346457 1.509959 2.218176
v -0.3346457 1.505906 2.262104
v -0.3346457 1.520149 2.256204
v -0.3346457 1.535433 2.214822
v -0.3346457 1.535433 2.254192
v -0.3346457 1.550718 2.256204
v -0.3346457 1.560907 2.218176
v -0.3346457 1.564961 2.262104
v -0.3346457 1.584646 2.228009
v -0.3346457 1.577191 2.271489
v -0.3346457 1.586576 2.28372
v -0.3346457 1.60503 2.24365
v -0.3346457 1.592476 2.297963
v -0.3346457 1.620672 2.36246
v -0.3346457 1.620672 2.264035
v -0.3346457 1.630504 2.338722
v -0.3346457 1.630504 2.287773
v -0.3346457 1.633858 2.313247
v -0.3346457 1.460047 1.064844
v -0.3346457 1.460047 1.013896
v -0.3346457 1.456693 1.03937
v -0.3346457 1.469879 1.088583
v -0.3346457 1.469879 0.9901575
v -0.3346457 1.485521 1.108967
v -0.3346457 1.485521 0.9697729
v -0.3346457 1.505906 1.124609
v -0.3346457 1.496063 1.03937
v -0.3346457 1.498075 1.054655
v -0.3346457 1.503975 1.068898
v -0.3346457 1.51336 1.081128
v -0.3346457 1.529644 1.134441
v -0.3346457 1.525591 1.090513
v -0.3346457 1.539834 1.096413
v -0.3346457 1.555118 1.137795
v -0.3346457 1.555118 1.098425
v -0.3346457 1.580592 1.134441
v -0.3346457 1.570403 1.096413
v -0.3346457 1.584646 1.090513
v -0.3346457 1.604331 1.124609
v -0.3346457 1.596876 1.081128
v -0.3346457 1.606261 1.068898
v -0.3346457 1.624715 1.108967
v -0.3346457 1.612161 1.054655
v -0.3346457 1.614173 1.03937
v -0.3346457 1.505906 0.9541314
v -0.3346457 1.498075 1.024086
v -0.3346457 1.503975 1.009843
v -0.3346457 1.51336 0.9976118
v -0.3346457 1.529644 0.9442986
v -0.3346457 1.525591 0.9882268
v -0.3346457 1.539834 0.9823272
v -0.3346457 1.555118 0.9409449
v -0.3346457 1.555118 0.980315
v -0.3346457 1.570403 0.9823272
v -0.3346457 1.580592 0.9442986
v -0.3346457 1.584646 0.9882268
v -0.3346457 1.604331 0.9541314
v -0.3346457 1.596876 0.9976118
v -0.3346457 1.606261 1.009843
v -0.3346457 1.624715 0.9697729
v -0.3346457 1.612161 1.024086
v -0.3346457 1.640357 1.088583
v -0.3346457 1.640357 0.9901575
v -0.3346457 1.65019 1.064844
v -0.3346457 1.65019 1.013896
v -0.3346457 1.653543 1.03937
v -0.2559055 1.550718 0.7106737
v -0.3346457 1.564961 0.7165733
v -0.3346457 1.550718 0.7106737
v -0.2559055 1.564961 0.7165733
v -0.3346457 1.47839 0.7524319
v -0.2559055 1.48429 0.738189
v -0.3346457 1.48429 0.738189
v -0.2559055 1.47839 0.7524319
v -0.2559055 1.592476 0.7524319
v -0.3346457 1.586576 0.738189
v -0.2559055 1.586576 0.738189
v -0.3346457 1.592476 0.7524319
v -0.3346457 1.493675 0.8094748
v -0.2559055 1.48429 0.7972441
v -0.3346457 1.48429 0.7972441
v -0.2559055 1.493675 0.8094748
v -0.2559055 1.577191 0.8094748
v -0.3346457 1.564961 0.8188598
v -0.3346457 1.577191 0.8094748
v -0.2559055 1.564961 0.8188598
v -0.2559055 1.550718 0.8247594
v -0.3346457 1.535433 0.8267717
v -0.3346457 1.550718 0.8247594
v -0.2559055 1.535433 0.8267717
v -0.2559055 1.564961 0.8188598
v -0.3346457 1.550718 0.8247594
v -0.3346457 1.564961 0.8188598
v -0.2559055 1.550718 0.8247594
v -0.2559055 1.586576 0.7972441
v -0.3346457 1.592476 0.7830011
v -0.2559055 1.592476 0.7830011
v -0.3346457 1.586576 0.7972441
v -0.3346457 1.47839 0.7830011
v -0.2559055 1.476378 0.7677165
v -0.3346457 1.476378 0.7677165
v -0.2559055 1.47839 0.7830011
v -0.3346457 1.48429 0.7972441
v -0.2559055 1.47839 0.7830011
v -0.3346457 1.47839 0.7830011
v -0.2559055 1.48429 0.7972441
v -0.2559055 1.505906 0.7165733
v -0.3346457 1.520149 0.7106737
v -0.3346457 1.505906 0.7165733
v -0.2559055 1.520149 0.7106737
v -0.2559055 1.493675 0.7259583
v -0.3346457 1.505906 0.7165733
v -0.3346457 1.493675 0.7259583
v -0.2559055 1.505906 0.7165733
v -0.2559055 1.505906 0.8188598
v -0.3346457 1.493675 0.8094748
v -0.3346457 1.505906 0.8188598
v -0.2559055 1.493675 0.8094748
v -0.2559055 1.520149 0.7106737
v -0.3346457 1.535433 0.7086614
v -0.3346457 1.520149 0.7106737
v -0.2559055 1.535433 0.7086614
v -0.2559055 1.535433 0.8267717
v -0.3346457 1.520149 0.8247594
v -0.3346457 1.535433 0.8267717
v -0.2559055 1.520149 0.8247594
v -0.2559055 1.520149 0.8247594
v -0.3346457 1.505906 0.8188598
v -0.3346457 1.520149 0.8247594
v -0.2559055 1.505906 0.8188598
v -0.2559055 1.586576 0.738189
v -0.3346457 1.577191 0.7259583
v -0.2559055 1.577191 0.7259583
v -0.3346457 1.586576 0.738189
v -0.2559055 1.535433 2.372302
v -0.3346457 1.520149 2.37029
v -0.3346457 1.535433 2.372302
v -0.2559055 1.520149 2.37029
v -0.2559055 1.592476 2.297963
v -0.3346457 1.586576 2.28372
v -0.2559055 1.586576 2.28372
v -0.3346457 1.592476 2.297963
v -0.2559055 1.594488 2.313247
v -0.3346457 1.592476 2.297963
v -0.2559055 1.592476 2.297963
v -0.3346457 1.594488 2.313247
v -0.3346457 1.493675 2.355006
v -0.2559055 1.48429 2.342775
v -0.3346457 1.48429 2.342775
v -0.2559055 1.493675 2.355006
v -0.3346457 1.48429 2.342775
v -0.2559055 1.47839 2.328532
v -0.3346457 1.47839 2.328532
v -0.2559055 1.48429 2.342775
v -0.3346457 1.47839 2.328532
v -0.2559055 1.476378 2.313247
v -0.3346457 1.476378 2.313247
v -0.2559055 1.47839 2.328532
v -0.3346457 1.476378 2.313247
v -0.2559055 1.47839 2.297963
v -0.3346457 1.47839 2.297963
v -0.2559055 1.476378 2.313247
v -0.3346457 1.47839 2.297963
v -0.2559055 1.48429 2.28372
v -0.3346457 1.48429 2.28372
v -0.2559055 1.47839 2.297963
v -0.2559055 1.535433 2.254192
v -0.3346457 1.550718 2.256204
v -0.3346457 1.535433 2.254192
v -0.2559055 1.550718 2.256204
v -0.2559055 1.550718 2.256204
v -0.3346457 1.564961 2.262104
v -0.3346457 1.550718 2.256204
v -0.2559055 1.564961 2.262104
v -0.2559055 1.564961 2.262104
v -0.3346457 1.577191 2.271489
v -0.3346457 1.564961 2.262104
v -0.2559055 1.577191 2.271489
v -0.2559055 1.586576 2.28372
v -0.3346457 1.577191 2.271489
v -0.2559055 1.577191 2.271489
v -0.3346457 1.586576 2.28372
v -0.3346457 1.48429 2.28372
v -0.2559055 1.493675 2.271489
v -0.3346457 1.493675 2.271489
v -0.2559055 1.48429 2.28372
v -0.2559055 1.493675 2.271489
v -0.3346457 1.505906 2.262104
v -0.3346457 1.493675 2.271489
v -0.2559055 1.505906 2.262104
v -0.2559055 1.505906 2.262104
v -0.3346457 1.520149 2.256204
v -0.3346457 1.505906 2.262104
v -0.2559055 1.520149 2.256204
v -0.2559055 1.577191 2.355006
v -0.3346457 1.586576 2.342775
v -0.2559055 1.586576 2.342775
v -0.3346457 1.577191 2.355006
v -0.2559055 1.577191 2.355006
v -0.3346457 1.564961 2.36439
v -0.3346457 1.577191 2.355006
v -0.2559055 1.564961 2.36439
v -0.2559055 1.520149 2.256204
v -0.3346457 1.535433 2.254192
v -0.3346457 1.520149 2.256204
v -0.2559055 1.535433 2.254192
v -0.2559055 1.505906 2.36439
v -0.3346457 1.493675 2.355006
v -0.3346457 1.505906 2.36439
v -0.2559055 1.493675 2.355006
v -0.2559055 1.520149 2.37029
v -0.3346457 1.505906 2.36439
v -0.3346457 1.520149 2.37029
v -0.2559055 1.505906 2.36439
v -0.2559055 1.564961 2.36439
v -0.3346457 1.550718 2.37029
v -0.3346457 1.564961 2.36439
v -0.2559055 1.550718 2.37029
v -0.2559055 1.550718 2.37029
v -0.3346457 1.535433 2.372302
v -0.3346457 1.550718 2.37029
v -0.2559055 1.535433 2.372302
v -0.2559055 1.592476 2.328532
v -0.3346457 1.594488 2.313247
v -0.2559055 1.594488 2.313247
v -0.3346457 1.592476 2.328532
v -0.2559055 1.586576 2.342775
v -0.3346457 1.592476 2.328532
v -0.2559055 1.592476 2.328532
v -0.3346457 1.586576 2.342775
v -0.2559055 1.240157 2.467283
v -0.3346457 6.003937 2.467283
v -0.3346457 1.240157 2.467283
v -0.2559055 6.003937 2.467283
v -0.2559055 1.712598 2.467283
v -0.2559055 1.240157 1.19685
v -0.3346457 1.240157 0.6062992
v -0.2559055 1.240157 0.6062992
v -0.3346457 1.240157 2.467283
v -0.2559055 1.240157 2.231408
v -0.2559055 1.240157 2.467283
v -0.2559055 1.240157 2.231408
v -0.2559055 1.493675 2.271489
v -0.2559055 1.240157 2.467283
v -0.2559055 1.505906 2.262104
v -0.2559055 1.520149 2.256204
v -0.2559055 1.535433 2.254192
v -0.2559055 1.712598 2.231408
v -0.2559055 1.48429 2.28372
v -0.2559055 1.47839 2.297963
v -0.2559055 1.476378 2.313247
v -0.2559055 1.550718 2.256204
v -0.2559055 1.564961 2.262104
v -0.2559055 1.577191 2.271489
v -0.2559055 1.586576 2.28372
v -0.2559055 1.592476 2.297963
v -0.2559055 1.594488 2.313247
v -0.2559055 1.505906 2.36439
v -0.2559055 1.712598 2.467283
v -0.2559055 1.493675 2.355006
v -0.2559055 1.48429 2.342775
v -0.2559055 1.47839 2.328532
v -0.2559055 1.520149 2.37029
v -0.2559055 1.535433 2.372302
v -0.2559055 1.550718 2.37029
v -0.2559055 1.564961 2.36439
v -0.2559055 1.577191 2.355006
v -0.2559055 1.586576 2.342775
v -0.2559055 1.592476 2.328532
v -0.2559055 2.647146 0.9409449
v -0.3346457 2.647146 0.6062992
v -0.2559055 2.647146 0.6062992
v -0.3346457 2.647146 0.6850393
v -0.3346457 2.647146 0.8818898
v -0.3346457 2.647146 0.9409449
v -0.2559055 3.503937 0.9015748
v -0.3346457 3.503937 0.6062992
v -0.2559055 3.503937 0.6062992
v -0.3346457 3.503937 0.6850393
v -0.3346457 3.503937 0.8818898
v -0.3346457 3.503937 0.9015748
v -0.3346457 6.003937 0.6850393
v -0.2559055 6.003937 0.6062992
v -0.3346457 6.003937 0.6062992
v -0.2559055 6.003937 2.467283
v -0.3346457 6.003937 0.8818898
v -0.3346457 6.003937 2.467283
v -0.3346457 3.300197 0.6850393
v -0.2559055 3.300197 0.6062992
v -0.3346457 3.300197 0.6062992
v -0.2559055 3.300197 0.9015748
v -0.3346457 3.300197 0.8818898
v -0.3346457 3.300197 0.9015748
v -0.3346457 5.334646 0.6850393
v -0.2559055 5.334646 0.6062992
v -0.3346457 5.334646 0.6062992
v -0.2559055 5.334646 0.9015748
v -0.3346457 5.334646 0.8818898
v -0.3346457 5.334646 0.9015748
v -0.2559055 5.413386 0.9015748
v -0.3346457 5.413386 0.6062992
v -0.2559055 5.413386 0.6062992
v -0.3346457 5.413386 0.6850393
v -0.3346457 5.413386 0.8818898
v -0.3346457 5.413386 0.9015748
v -0.3346457 5.346177 0.9294137
v -0.2559055 5.33992 0.9212598
v -0.3346457 5.33992 0.9212598
v -0.2559055 5.346177 0.9294137
v -0.2559055 5.334646 0.6062992
v -0.3346457 3.503937 0.6062992
v -0.3346457 5.334646 0.6062992
v -0.2559055 3.503937 0.6062992
v -0.3346457 5.33992 0.9212598
v -0.2559055 5.335987 0.9117645
v -0.3346457 5.335987 0.9117645
v -0.2559055 5.33992 0.9212598
v -0.2559055 5.706273 2.123596
v -0.3346457 5.718504 2.114211
v -0.3346457 5.706273 2.123596
v -0.2559055 5.718504 2.114211
v -0.3346457 5.335987 0.9117645
v -0.2559055 5.334646 0.9015748
v -0.3346457 5.334646 0.9015748
v -0.2559055 5.335987 0.9117645
v -0.2559055 5.384205 0.9396034
v -0.3346457 5.374016 0.9409449
v -0.3346457 5.384205 0.9396034
v -0.2559055 5.374016 0.9409449
v -0.2559055 5.393701 0.9356703
v -0.3346457 5.384205 0.9396034
v -0.3346457 5.393701 0.9356703
v -0.2559055 5.384205 0.9396034
v -0.2559055 5.412045 0.9117645
v -0.3346457 5.413386 0.9015748
v -0.2559055 5.413386 0.9015748
v -0.3346457 5.412045 0.9117645
v -0.2559055 5.401855 0.9294137
v -0.3346457 5.393701 0.9356703
v -0.3346457 5.401855 0.9294137
v -0.2559055 5.393701 0.9356703
v -0.2559055 3.351132 0.9897969
v -0.3346457 3.330034 0.9736078
v -0.3346457 3.351132 0.9897969
v -0.2559055 3.330034 0.9736078
v -0.3346457 3.303668 0.9279407
v -0.2559055 3.300197 0.9015748
v -0.3346457 3.300197 0.9015748
v -0.2559055 3.303668 0.9279407
v -0.2559055 2.647146 0.9409449
v -0.3346457 1.830709 0.9409449
v -0.3346457 2.647146 0.9409449
v -0.2559055 1.830709 0.9409449
v -0.2559055 3.300197 0.6062992
v -0.3346457 2.647146 0.6062992
v -0.3346457 3.300197 0.6062992
v -0.2559055 2.647146 0.6062992
v -0.3346457 1.830709 0.9409449
v -0.2559055 1.830709 0.6062992
v -0.3346457 1.830709 0.6062992
v -0.2559055 1.830709 0.9409449
v -0.2559055 5.718504 2.114211
v -0.3346457 5.732747 2.108311
v -0.3346457 5.718504 2.114211
v -0.2559055 5.732747 2.108311
v -0.2559055 6.003937 0.6062992
v -0.3346457 5.413386 0.6062992
v -0.3346457 6.003937 0.6062992
v -0.2559055 5.413386 0.6062992
v -0.2559055 3.503937 0.9015748
v -0.3346457 3.500466 0.9279407
v -0.3346457 3.503937 0.9015748
v -0.2559055 3.500466 0.9279407
v -0.2559055 3.500466 0.9279407
v -0.3346457 3.490289 0.9525098
v -0.3346457 3.500466 0.9279407
v -0.2559055 3.490289 0.9525098
v -0.2559055 3.490289 0.9525098
v -0.3346457 3.4741 0.9736078
v -0.3346457 3.490289 0.9525098
v -0.2559055 3.4741 0.9736078
v -0.3346457 3.402067 1.003445
v -0.2559055 3.375701 0.9999737
v -0.3346457 3.375701 0.9999737
v -0.2559055 3.402067 1.003445
v -0.2559055 3.375701 0.9999737
v -0.3346457 3.351132 0.9897969
v -0.3346457 3.375701 0.9999737
v -0.2559055 3.351132 0.9897969
v -0.2559055 5.354331 0.9356703
v -0.3346457 5.346177 0.9294137
v -0.3346457 5.354331 0.9356703
v -0.2559055 5.346177 0.9294137
v -0.2559055 5.363826 0.9396034
v -0.3346457 5.354331 0.9356703
v -0.3346457 5.363826 0.9396034
v -0.2559055 5.354331 0.9356703
v -0.2559055 5.374016 0.9409449
v -0.3346457 5.363826 0.9396034
v -0.3346457 5.374016 0.9409449
v -0.2559055 5.363826 0.9396034
v -0.2559055 3.428433 0.9999737
v -0.3346457 3.402067 1.003445
v -0.3346457 3.428433 0.9999737
v -0.2559055 3.402067 1.003445
v -0.2559055 3.4741 0.9736078
v -0.3346457 3.453002 0.9897969
v -0.3346457 3.4741 0.9736078
v -0.2559055 3.453002 0.9897969
v -0.3346457 3.453002 0.9897969
v -0.2559055 3.428433 0.9999737
v -0.3346457 3.428433 0.9999737
v -0.2559055 3.453002 0.9897969
v -0.2559055 5.408111 0.9212598
v -0.3346457 5.412045 0.9117645
v -0.2559055 5.412045 0.9117645
v -0.3346457 5.408111 0.9212598
v -0.2559055 5.401855 0.9294137
v -0.3346457 5.408111 0.9212598
v -0.2559055 5.408111 0.9212598
v -0.3346457 5.401855 0.9294137
v -0.2559055 5.763316 2.222397
v -0.3346457 5.748032 2.224409
v -0.3346457 5.763316 2.222397
v -0.2559055 5.748032 2.224409
v -0.3346457 3.330034 0.9736078
v -0.2559055 3.313845 0.9525098
v -0.3346457 3.313845 0.9525098
v -0.2559055 3.330034 0.9736078
v -0.3346457 3.313845 0.9525098
v -0.2559055 3.303668 0.9279407
v -0.3346457 3.303668 0.9279407
v -0.2559055 3.313845 0.9525098
v -0.2559055 5.732747 2.108311
v -0.3346457 5.748032 2.106299
v -0.3346457 5.732747 2.108311
v -0.2559055 5.748032 2.106299
v -0.2559055 5.777559 2.216498
v -0.3346457 5.763316 2.222397
v -0.3346457 5.777559 2.216498
v -0.2559055 5.763316 2.222397
v -0.2559055 5.805074 2.180639
v -0.3346457 5.807086 2.165354
v -0.2559055 5.807086 2.165354
v -0.3346457 5.805074 2.180639
v -0.2559055 5.799175 2.194882
v -0.3346457 5.805074 2.180639
v -0.2559055 5.805074 2.180639
v -0.3346457 5.799175 2.194882
v -0.2559055 5.777559 2.114211
v -0.3346457 5.78979 2.123596
v -0.3346457 5.777559 2.114211
v -0.2559055 5.78979 2.123596
v -0.2559055 5.799175 2.135827
v -0.3346457 5.78979 2.123596
v -0.2559055 5.78979 2.123596
v -0.3346457 5.799175 2.135827
v -0.2559055 5.78979 2.207113
v -0.3346457 5.777559 2.216498
v -0.3346457 5.78979 2.207113
v -0.2559055 5.777559 2.216498
v -0.2559055 5.78979 2.207113
v -0.3346457 5.799175 2.194882
v -0.2559055 5.799175 2.194882
v -0.3346457 5.78979 2.207113
v -0.2559055 5.805074 2.15007
v -0.3346457 5.799175 2.135827
v -0.2559055 5.799175 2.135827
v -0.3346457 5.805074 2.15007
v -0.2559055 5.807086 2.165354
v -0.3346457 5.805074 2.15007
v -0.2559055 5.805074 2.15007
v -0.3346457 5.807086 2.165354
v -0.3346457 5.696888 2.135827
v -0.2559055 5.706273 2.123596
v -0.3346457 5.706273 2.123596
v -0.2559055 5.696888 2.135827
v -0.2559055 5.748032 2.106299
v -0.3346457 5.763316 2.108311
v -0.3346457 5.748032 2.106299
v -0.2559055 5.763316 2.108311
v -0.2559055 5.763316 2.108311
v -0.3346457 5.777559 2.114211
v -0.3346457 5.763316 2.108311
v -0.2559055 5.777559 2.114211
v -0.3346457 5.696888 2.194882
v -0.2559055 5.690989 2.180639
v -0.3346457 5.690989 2.180639
v -0.2559055 5.696888 2.194882
v -0.2559055 5.748032 2.224409
v -0.3346457 5.732747 2.222397
v -0.3346457 5.748032 2.224409
v -0.2559055 5.732747 2.222397
v -0.2559055 5.732747 2.222397
v -0.3346457 5.718504 2.216498
v -0.3346457 5.732747 2.222397
v -0.2559055 5.718504 2.216498
v -0.3346457 5.706273 2.207113
v -0.2559055 5.696888 2.194882
v -0.3346457 5.696888 2.194882
v -0.2559055 5.706273 2.207113
v -0.2559055 5.718504 2.216498
v -0.3346457 5.706273 2.207113
v -0.3346457 5.718504 2.216498
v -0.2559055 5.706273 2.207113
v -0.3346457 5.690989 2.180639
v -0.2559055 5.688976 2.165354
v -0.3346457 5.688976 2.165354
v -0.2559055 5.690989 2.180639
v -0.3346457 5.690989 2.15007
v -0.2559055 5.696888 2.135827
v -0.3346457 5.696888 2.135827
v -0.2559055 5.690989 2.15007
v -0.3346457 5.688976 2.165354
v -0.2559055 5.690989 2.15007
v -0.3346457 5.690989 2.15007
v -0.2559055 5.688976 2.165354
v -0.3346457 1.240157 2.467283
v -0.3346457 1.437008 2.313247
v -0.3346457 1.240157 0.6062992
v -0.3346457 1.440362 2.338722
v -0.3346457 1.450194 2.36246
v -0.3346457 1.465836 2.382844
v -0.3346457 1.48622 2.398486
v -0.3346457 1.509959 2.408319
v -0.3346457 1.535433 2.411672
v -0.3346457 6.003937 2.467283
v -0.3346457 1.560907 2.408319
v -0.3346457 1.584646 2.398486
v -0.3346457 1.60503 2.382844
v -0.3346457 1.620672 2.36246
v -0.3346457 1.630504 2.338722
v -0.3346457 1.633858 2.313247
v -0.3346457 1.640357 1.088583
v -0.3346457 1.65019 1.064844
v -0.3346457 1.653543 1.03937
v -0.3346457 1.830709 0.9409449
v -0.3346457 2.647146 0.9409449
v -0.3346457 2.647146 0.8818898
v -0.3346457 3.351132 0.9897969
v -0.3346457 3.330034 0.9736078
v -0.3346457 3.313845 0.9525098
v -0.3346457 3.303668 0.9279407
v -0.3346457 3.300197 0.9015748
v -0.3346457 3.375701 0.9999737
v -0.3346457 3.402067 1.003445
v -0.3346457 3.428433 0.9999737
v -0.3346457 3.453002 0.9897969
v -0.3346457 3.4741 0.9736078
v -0.3346457 3.490289 0.9525098
v -0.3346457 3.500466 0.9279407
v -0.3346457 3.503937 0.9015748
v -0.3346457 3.503937 0.8818898
v -0.3346457 5.706273 2.207113
v -0.3346457 5.696888 2.194882
v -0.3346457 5.690989 2.180639
v -0.3346457 5.335987 0.9117645
v -0.3346457 5.334646 0.9015748
v -0.3346457 5.33992 0.9212598
v -0.3346457 5.346177 0.9294137
v -0.3346457 5.354331 0.9356703
v -0.3346457 5.363826 0.9396034
v -0.3346457 5.374016 0.9409449
v -0.3346457 5.384205 0.9396034
v -0.3346457 5.393701 0.9356703
v -0.3346457 5.401855 0.9294137
v -0.3346457 5.408111 0.9212598
v -0.3346457 5.412045 0.9117645
v -0.3346457 5.413386 0.9015748
v -0.3346457 5.413386 0.8818898
v -0.3346457 5.688976 2.165354
v -0.3346457 5.718504 2.216498
v -0.3346457 5.732747 2.222397
v -0.3346457 5.748032 2.224409
v -0.3346457 5.763316 2.222397
v -0.3346457 5.777559 2.216498
v -0.3346457 5.78979 2.207113
v -0.3346457 5.799175 2.194882
v -0.3346457 5.805074 2.180639
v -0.3346457 5.807086 2.165354
v -0.3346457 5.690989 2.15007
v -0.3346457 6.003937 0.8818898
v -0.3346457 5.696888 2.135827
v -0.3346457 5.706273 2.123596
v -0.3346457 5.718504 2.114211
v -0.3346457 5.732747 2.108311
v -0.3346457 5.748032 2.106299
v -0.3346457 5.763316 2.108311
v -0.3346457 5.777559 2.114211
v -0.3346457 5.78979 2.123596
v -0.3346457 5.799175 2.135827
v -0.3346457 5.805074 2.15007
v -0.3346457 1.456693 1.03937
v -0.3346457 1.465836 0.8373137
v -0.3346457 1.450194 0.8169292
v -0.3346457 1.460047 1.013896
v -0.3346457 1.469879 0.9901575
v -0.3346457 1.48622 0.8529553
v -0.3346457 1.485521 0.9697729
v -0.3346457 1.505906 0.9541314
v -0.3346457 1.509959 0.862788
v -0.3346457 1.529644 0.9442986
v -0.3346457 1.535433 0.8661417
v -0.3346457 1.555118 0.9409449
v -0.3346457 1.560907 0.862788
v -0.3346457 1.580592 0.9442986
v -0.3346457 1.584646 0.8529553
v -0.3346457 1.604331 0.9541314
v -0.3346457 1.60503 0.8373137
v -0.3346457 1.624715 0.9697729
v -0.3346457 1.620672 0.8169292
v -0.3346457 1.630504 0.7931908
v -0.3346457 1.640357 0.9901575
v -0.3346457 1.633858 0.7677165
v -0.3346457 5.334646 0.8818898
v -0.3346457 3.300197 0.8818898
v -0.3346457 1.509959 0.6726451
v -0.3346457 1.830709 0.6062992
v -0.3346457 1.48622 0.6824778
v -0.3346457 1.465836 0.6981194
v -0.3346457 1.450194 0.718504
v -0.3346457 1.440362 0.7422422
v -0.3346457 1.437008 0.7677165
v -0.3346457 1.535433 0.6692913
v -0.3346457 1.560907 0.6726451
v -0.3346457 1.584646 0.6824778
v -0.3346457 1.60503 0.6981194
v -0.3346457 1.620672 0.718504
v -0.3346457 1.630504 0.7422422
v -0.3346457 1.65019 1.013896
v -0.3346457 1.440362 2.287773
v -0.3346457 1.440362 0.7931908
v -0.3346457 1.450194 2.264035
v -0.3346457 1.465836 2.24365
v -0.3346457 1.460047 1.064844
v -0.3346457 1.469879 1.088583
v -0.3346457 1.48622 2.228009
v -0.3346457 1.485521 1.108967
v -0.3346457 1.505906 1.124609
v -0.3346457 1.509959 2.218176
v -0.3346457 1.529644 1.134441
v -0.3346457 1.535433 2.214822
v -0.3346457 1.555118 1.137795
v -0.3346457 1.560907 2.218176
v -0.3346457 1.580592 1.134441
v -0.3346457 1.584646 2.228009
v -0.3346457 1.604331 1.124609
v -0.3346457 1.60503 2.24365
v -0.3346457 1.624715 1.108967
v -0.3346457 1.620672 2.264035
v -0.3346457 1.630504 2.287773
v -0.3346457 6.003937 0.8818898
v -0.3346457 5.413386 0.6850393
v -0.3346457 5.413386 0.8818898
v -0.3346457 6.003937 0.6850393
v -0.1934055 3.732283 1.468717
v -0.1934055 1.607283 2.218717
v -0.1934055 1.607283 1.468717
v -0.1934055 1.732283 2.218717
v -0.1934055 1.794783 2.218717
v -0.1934055 3.732283 2.218717
v -0.1934055 1.732283 2.218717
v -0.2559055 1.794783 2.218717
v -0.2559055 1.732283 2.218717
v -0.1934055 1.794783 2.218717
v -0.1934055 1.607283 2.218717
v -0.2559055 1.732283 2.218717
v -0.2559055 1.607283 2.218717
v -0.1934055 1.732283 2.218717
v -0.1934055 1.607283 2.218717
v -0.2559055 1.607283 1.468717
v -0.1934055 1.607283 1.468717
v -0.2559055 1.607283 2.218717
v -0.1934055 3.732283 1.468717
v -0.2559055 1.607283 1.468717
v -0.2559055 3.732283 1.468717
v -0.1934055 1.607283 1.468717
v -0.2559055 3.732283 2.218717
v -0.1934055 3.732283 1.468717
v -0.2559055 3.732283 1.468717
v -0.1934055 3.732283 2.218717
v -0.1934055 1.794783 2.218717
v -0.2559055 3.732283 2.218717
v -0.2559055 1.794783 2.218717
v -0.1934055 3.732283 2.218717
v -0.2090305 4.891631 1.284782
v -0.2090305 4.313506 1.878532
v -0.2090305 4.313506 1.284782
v -0.2090305 4.891631 1.878532
v -0.2090305 4.891631 1.284782
v -0.2559055 4.313506 1.284782
v -0.2559055 4.891631 1.284782
v -0.2090305 4.313506 1.284782
v -0.2559055 4.891631 1.878532
v -0.2090305 4.891631 1.284782
v -0.2559055 4.891631 1.284782
v -0.2090305 4.891631 1.878532
v -0.2090305 4.313506 1.878532
v -0.2559055 4.891631 1.878532
v -0.2559055 4.313506 1.878532
v -0.2090305 4.891631 1.878532
v -0.2090305 4.313506 1.878532
v -0.2559055 4.313506 1.284782
v -0.2090305 4.313506 1.284782
v -0.2559055 4.313506 1.878532
v -0.2559055 1.830709 0.6062992
v -0.2559055 1.712598 1.19685
v -0.2559055 1.712598 0.6062992
v -0.2559055 3.300197 0.6062992
v -0.2559055 2.647146 0.9409449
v -0.2559055 2.647146 0.6062992
v -0.2559055 3.300197 0.9015748
v -0.2559055 6.003937 0.6062992
v -0.2559055 5.413386 0.9015748
v -0.2559055 5.413386 0.6062992
v -0.2559055 5.484711 1.555817
v -0.2559055 5.484711 1.712067
v -0.2559055 5.690989 2.15007
v -0.2559055 5.688976 2.165354
v -0.2559055 5.696888 2.135827
v -0.2559055 5.706273 2.123596
v -0.2559055 5.718504 2.114211
v -0.2559055 5.732747 2.108311
v -0.2559055 5.748032 2.106299
v -0.2559055 5.763316 2.108311
v -0.2559055 5.777559 2.114211
v -0.2559055 5.78979 2.123596
v -0.2559055 5.799175 2.135827
v -0.2559055 5.805074 2.15007
v -0.2559055 5.807086 2.165354
v -0.2559055 6.003937 2.467283
v -0.2559055 1.240157 2.231408
v -0.2559055 1.607283 2.218717
v -0.2559055 1.712598 2.231408
v -0.2559055 1.240157 1.19685
v -0.2559055 1.607283 1.468717
v -0.2559055 1.732283 2.218717
v -0.2559055 1.712598 2.467283
v -0.2559055 1.794783 2.218717
v -0.2559055 3.732283 2.218717
v -0.2559055 4.313506 1.878532
v -0.2559055 4.313506 1.284782
v -0.2559055 4.891631 1.878532
v -0.2559055 5.706273 2.207113
v -0.2559055 5.297211 1.712067
v -0.2559055 5.297211 1.555817
v -0.2559055 5.696888 2.194882
v -0.2559055 5.690989 2.180639
v -0.2559055 5.718504 2.216498
v -0.2559055 5.732747 2.222397
v -0.2559055 5.748032 2.224409
v -0.2559055 5.763316 2.222397
v -0.2559055 5.777559 2.216498
v -0.2559055 5.78979 2.207113
v -0.2559055 5.799175 2.194882
v -0.2559055 5.805074 2.180639
v -0.2559055 3.732283 1.468717
v -0.2559055 1.830709 0.9409449
v -0.2559055 3.330034 0.9736078
v -0.2559055 3.313845 0.9525098
v -0.2559055 3.303668 0.9279407
v -0.2559055 3.351132 0.9897969
v -0.2559055 3.375701 0.9999737
v -0.2559055 3.402067 1.003445
v -0.2559055 3.428433 0.9999737
v -0.2559055 3.453002 0.9897969
v -0.2559055 3.4741 0.9736078
v -0.2559055 3.490289 0.9525098
v -0.2559055 3.500466 0.9279407
v -0.2559055 3.503937 0.9015748
v -0.2559055 3.503937 0.6062992
v -0.2559055 5.334646 0.6062992
v -0.2559055 4.891631 1.284782
v -0.2559055 5.334646 0.9015748
v -0.2559055 5.335987 0.9117645
v -0.2559055 5.33992 0.9212598
v -0.2559055 5.346177 0.9294137
v -0.2559055 5.354331 0.9356703
v -0.2559055 5.363826 0.9396034
v -0.2559055 5.374016 0.9409449
v -0.2559055 5.384205 0.9396034
v -0.2559055 5.393701 0.9356703
v -0.2559055 5.401855 0.9294137
v -0.2559055 5.408111 0.9212598
v -0.2559055 5.412045 0.9117645
v -0.2090305 5.484711 1.555817
v -0.2090305 5.297211 1.712067
v -0.2090305 5.297211 1.555817
v -0.2090305 5.484711 1.712067
v -0.2559055 5.484711 1.555817
v -0.2090305 5.484711 1.712067
v -0.2090305 5.484711 1.555817
v -0.2559055 5.484711 1.712067
v -0.2090305 5.297211 1.712067
v -0.2559055 5.484711 1.712067
v -0.2559055 5.297211 1.712067
v -0.2090305 5.484711 1.712067
v -0.2090305 5.297211 1.712067
v -0.2559055 5.297211 1.555817
v -0.2090305 5.297211 1.555817
v -0.2559055 5.297211 1.712067
v -0.2090305 5.484711 1.555817
v -0.2559055 5.297211 1.555817
v -0.2559055 5.484711 1.555817
v -0.2090305 5.297211 1.555817
f 1 2 3
f 2 1 4
f 5 6 7
f 6 5 8
f 9 10 11
f 10 9 12
f 13 14 15
f 14 13 16
f 17 18 19
f 18 17 20
f 21 22 23
f 22 21 24
f 25 26 27
f 26 25 28
f 29 30 31
f 30 29 32
f 33 34 35
f 34 33 36
f 37 38 39
f 38 37 40
f 41 42 43
f 42 41 44
f 45 46 47
f 46 45 48
f 49 50 51
f 50 49 52
f 53 54 55
f 54 53 56
f 57 58 59
f 58 57 60
f 61 62 63
f 62 61 64
f 65 66 67
f 66 65 68
f 68 65 69
f 67 66 70
f 67 70 71
f 67 71 72
f 67 72 73
f 68 69 74
f 74 69 75
f 75 69 76
f 76 69 77
f 77 69 78
f 78 69 79
f 79 69 80
f 67 81 82
f 81 67 83
f 83 67 84
f 84 67 85
f 85 67 86
f 86 67 73
f 82 81 87
f 82 87 88
f 82 88 89
f 82 89 90
f 82 90 91
f 82 91 92
f 82 92 80
f 82 80 69
f 93 94 95
f 94 93 96
f 97 98 99
f 98 97 100
f 101 102 103
f 102 101 104
f 105 106 107
f 106 105 108
f 109 110 111
f 110 109 112
f 110 112 113
f 113 112 114
f 113 114 115
f 115 114 116
f 115 116 117
f 117 116 118
f 117 118 119
f 119 118 120
f 119 120 121
f 121 120 122
f 121 122 123
f 123 122 124
f 123 124 125
f 125 124 126
f 125 126 127
f 127 126 128
f 127 128 129
f 129 128 130
f 129 130 131
f 131 130 132
f 133 134 135
f 134 133 136
f 137 138 139
f 138 137 140
f 141 142 143
f 142 141 144
f 145 146 147
f 146 145 148
f 149 150 151
f 150 149 152
f 153 154 155
f 154 153 156
f 157 158 159
f 158 157 160
f 161 162 163
f 162 161 164
f 165 166 167
f 166 165 168
f 169 170 171
f 170 169 172
f 173 174 175
f 174 173 176
f 177 178 179
f 178 177 180
f 181 182 183
f 182 181 184
f 185 186 187
f 186 185 188
f 189 190 191
f 190 189 192
f 193 194 195
f 194 193 196
f 197 198 199
f 198 197 200
f 201 202 203
f 202 201 204
f 205 206 207
f 206 205 208
f 209 210 211
f 210 209 212
f 213 214 215
f 214 213 216
f 217 218 219
f 218 217 220
f 221 222 223
f 222 221 224
f 225 226 227
f 226 225 228
f 229 230 231
f 230 229 232
f 233 234 235
f 234 233 236
f 237 238 239
f 238 237 240
f 241 242 243
f 242 241 244
f 245 246 247
f 246 245 248
f 249 250 251
f 250 249 252
f 253 254 255
f 254 253 256
f 257 258 259
f 258 257 260
f 261 262 263
f 262 261 264
f 265 266 267
f 266 265 268
f 269 270 271
f 270 269 272
f 273 274 275
f 274 273 276
f 277 278 279
f 278 277 280
f 281 282 283
f 282 281 284
f 285 286 287
f 286 285 288
f 289 290 291
f 290 289 292
f 293 294 295
f 294 293 296
f 294 296 297
f 297 296 298
f 297 298 299
f 299 298 300
f 299 300 301
f 301 300 302
f 301 302 303
f 303 302 304
f 303 304 305
f 305 304 306
f 305 306 307
f 307 306 308
f 307 308 309
f 309 308 310
f 309 310 311
f 311 310 312
f 311 312 313
f 313 312 314
f 313 314 315
f 315 314 316
f 317 318 319
f 318 317 320
f 320 317 321
f 321 317 322
f 321 322 323
f 323 322 324
f 324 322 325
f 325 322 326
f 325 326 327
f 327 326 328
f 327 328 329
f 329 328 330
f 330 328 331
f 330 331 332
f 332 331 333
f 333 331 334
f 334 331 335
f 334 335 336
f 336 335 337
f 337 335 338
f 338 335 339
f 338 339 340
f 340 339 341
f 340 341 342
f 343 344 345
f 344 343 346
f 344 346 347
f 347 346 348
f 348 346 319
f 348 319 349
f 349 319 318
f 349 318 350
f 349 350 351
f 349 351 352
f 352 351 353
f 352 353 354
f 352 354 355
f 352 355 356
f 356 355 357
f 356 357 358
f 358 357 359
f 358 359 360
f 358 360 361
f 361 360 362
f 361 362 363
f 361 363 364
f 361 364 337
f 337 364 336
f 365 366 367
f 366 365 368
f 366 368 369
f 369 368 370
f 369 370 371
f 371 370 372
f 371 372 373
f 373 372 374
f 373 374 375
f 375 374 376
f 376 374 377
f 377 374 378
f 378 374 379
f 378 379 380
f 380 379 381
f 381 379 382
f 382 379 383
f 382 383 384
f 384 383 385
f 385 383 386
f 386 383 387
f 387 383 388
f 387 388 389
f 389 388 390
f 375 391 373
f 391 375 392
f 391 392 393
f 391 393 394
f 391 394 395
f 395 394 396
f 395 396 397
f 395 397 398
f 395 398 399
f 395 399 400
f 400 399 401
f 400 401 402
f 400 402 403
f 400 403 404
f 404 403 405
f 404 405 390
f 404 390 388
f 404 388 406
f 404 406 407
f 407 406 408
f 407 408 409
f 409 408 410
f 409 410 411
f 411 410 412
f 413 414 415
f 414 413 416
f 417 418 419
f 418 417 420
f 421 422 423
f 422 421 424
f 425 426 427
f 426 425 428
f 429 430 431
f 430 429 432
f 433 434 435
f 434 433 436
f 437 438 439
f 438 437 440
f 441 442 443
f 442 441 444
f 445 446 447
f 446 445 448
f 449 450 451
f 450 449 452
f 453 454 455
f 454 453 456
f 457 458 459
f 458 457 460
f 461 462 463
f 462 461 464
f 465 466 467
f 466 465 468
f 469 470 471
f 470 469 472
f 473 474 475
f 474 473 476
f 477 478 479
f 478 477 480
f 481 482 483
f 482 481 484
f 482 484 485
f 485 484 486
f 485 486 487
f 487 486 488
f 487 488 489
f 489 488 490
f 489 490 491
f 491 490 492
f 491 492 493
f 493 492 494
f 493 494 495
f 495 494 496
f 495 496 497
f 497 496 498
f 497 498 499
f 499 498 500
f 499 500 501
f 501 500 502
f 501 502 503
f 503 502 504
f 505 506 507
f 506 505 508
f 509 510 511
f 510 509 512
f 513 514 515
f 514 513 516
f 517 518 519
f 518 517 520
f 521 522 523
f 522 521 524
f 525 526 527
f 526 525 528
f 529 530 531
f 530 529 532
f 533 534 535
f 534 533 536
f 537 538 539
f 538 537 540
f 541 542 543
f 542 541 544
f 545 546 547
f 546 545 548
f 549 550 551
f 550 549 552
f 553 554 555
f 554 553 556
f 557 558 559
f 558 557 560
f 561 562 563
f 562 561 564
f 565 566 567
f 566 565 568
f 569 570 571
f 570 569 572
f 573 574 575
f 574 573 576
f 577 578 579
f 578 577 580
f 581 582 583
f 582 581 584
f 585 586 587
f 586 585 588
f 589 590 591
f 590 589 592
f 593 594 595
f 594 593 596
f 597 598 599
f 598 597 600
f 601 602 603
f 602 601 604
f 605 606 607
f 606 605 608
f 609 610 611
f 610 609 612
f 613 614 615
f 614 613 616
f 617 618 619
f 618 617 620
f 621 622 623
f 622 621 624
f 625 626 627
f 626 625 628
f 629 630 631
f 630 629 632
f 633 634 635
f 634 633 636
f 634 636 637
f 637 636 638
f 637 638 639
f 639 638 640
f 639 640 641
f 641 640 642
f 641 642 643
f 643 642 644
f 643 644 645
f 645 644 646
f 645 646 647
f 647 646 648
f 647 648 649
f 649 648 650
f 649 650 651
f 651 650 652
f 651 652 653
f 653 652 654
f 653 654 655
f 655 654 656
f 657 658 659
f 658 657 660
f 661 662 663
f 662 661 664
f 665 666 667
f 666 665 668
f 669 670 671
f 670 669 672
f 673 674 675
f 674 673 676
f 677 678 679
f 678 677 680
f 681 682 683
f 682 681 684
f 685 686 687
f 686 685 688
f 689 690 691
f 690 689 692
f 693 694 695
f 694 693 696
f 697 698 699
f 698 697 700
f 701 702 703
f 702 701 704
f 705 706 707
f 706 705 708
f 709 710 711
f 710 709 712
f 713 714 715
f 714 713 716
f 717 718 719
f 718 717 720
f 721 722 723
f 722 721 724
f 725 726 727
f 726 725 728
f 729 730 731
f 730 729 732
f 733 734 735
f 734 733 736
f 737 738 739
f 738 737 740
f 741 742 743
f 742 741 744
f 745 746 747
f 746 745 748
f 749 750 751
f 750 749 752
f 753 754 755
f 754 753 756
f 757 758 759
f 758 757 760
f 761 762 763
f 762 761 764
f 765 766 767
f 766 765 768
f 769 770 771
f 770 769 772
f 773 774 775
f 774 773 776
f 777 778 779
f 778 777 780
f 781 782 783
f 782 781 784
f 785 786 787
f 786 785 788
f 789 790 791
f 790 789 792
f 793 794 795
f 794 793 796
f 797 798 799
f 798 797 800
f 801 802 803
f 802 801 804
f 805 806 807
f 806 805 808
f 809 810 811
f 810 809 812
f 813 814 815
f 814 813 816
f 817 818 819
f 818 817 820
f 821 822 823
f 822 821 824
f 825 826 827
f 826 825 828
f 829 830 831
f 830 829 832
f 832 829 833
f 834 835 836
f 835 834 837
f 837 834 838
f 839 840 841
f 840 839 842
f 843 844 845
f 844 843 846
f 847 848 849
f 848 847 850
f 850 847 851
f 852 853 854
f 853 852 855
f 855 852 856
f 856 852 857
f 858 859 860
f 859 858 861
f 862 863 864
f 863 862 865
f 866 867 868
f 867 866 869
f 870 871 872
f 871 870 873
f 874 875 876
f 875 874 877
f 878 879 880
f 879 878 881
f 879 881 882
f 879 882 883
f 881 878 884
f 884 878 885
f 885 878 886
f 886 878 887
f 887 878 888
f 888 878 889
f 879 890 891
f 890 879 892
f 892 879 893
f 893 879 894
f 894 879 883
f 891 890 895
f 891 895 896
f 891 896 897
f 898 899 900
f 899 898 901
f 902 903 904
f 903 902 905
f 906 907 908
f 907 906 909
f 910 911 912
f 911 910 913
f 914 915 916
f 915 914 917
f 918 919 920
f 919 918 921
f 921 918 922
f 923 924 925
f 924 923 926
f 927 928 929
f 928 927 930
f 931 932 933
f 932 931 934
f 935 936 937
f 936 935 938
f 939 940 941
f 940 939 942
f 943 944 945
f 944 943 946
f 947 948 949
f 948 947 950
f 951 952 953
f 952 951 954
f 955 956 957
f 956 955 958
f 959 960 961
f 960 959 962
f 963 964 965
f 964 963 966
f 967 968 969
f 968 967 970
f 971 972 973
f 972 971 974
f 975 976 977
f 976 975 978
f 979 980 981
f 980 979 982
f 981 980 983
f 981 983 984
f 981 984 985
f 981 985 986
f 980 982 987
f 987 982 988
f 988 982 989
f 990 991 992
f 991 990 993
f 981 994 995
f 994 981 996
f 996 981 986
f 995 994 997
f 995 997 998
f 995 998 999
f 995 999 992
f 995 992 991
f 1000 1001 1002
f 1001 1000 1003
f 1002 1001 1004
f 1002 1004 1005
f 1002 1005 1006
f 1002 1006 1007
f 1001 1003 1008
f 1008 1003 1009
f 1009 1003 1010
f 1010 1003 1011
f 1011 1003 1012
f 1012 1003 1013
f 1013 1003 1014
f 1014 1003 1015
f 1002 1016 1017
f 1016 1002 1018
f 1018 1002 1019
f 1019 1002 1020
f 1020 1002 1007
f 1017 1016 1021
f 1017 1021 1022
f 1017 1022 1023
f 1017 1023 1024
f 1017 1024 1025
f 1017 1025 1026
f 1017 1026 1027
f 1017 1027 1015
f 1017 1015 1003
f 1028 1029 1030
f 1029 1028 1031
f 1032 1033 1034
f 1033 1032 1035
f 1036 1037 1038
f 1037 1036 1039
f 1040 1041 1042
f 1041 1040 1043
f 1044 1045 1046
f 1045 1044 1047
f 1048 1049 1050
f 1049 1048 1051
f 1052 1053 1054
f 1053 1052 1055
f 1056 1057 1058
f 1057 1056 1059
f 1060 1061 1062
f 1061 1060 1063
f 1064 1065 1066
f 1065 1064 1067
f 1068 1069 1070
f 1069 1068 1071
f 1072 1073 1074
f 1073 1072 1075
f 1076 1077 1078
f 1077 1076 1079
f 1080 1081 1082
f 1081 1080 1083
f 1084 1085 1086
f 1085 1084 1087
f 1088 1089 1090
f 1089 1088 1091
f 1092 1093 1094
f 1093 1092 1095
f 1096 1097 1098
f 1097 1096 1099
f 1100 1101 1102
f 1101 1100 1103
f 1104 1105 1106
f 1105 1104 1107
f 1108 1109 1110
f 1109 1108 1111
f 1112 1113 1114
f 1113 1112 1115
f 1116 1117 1118
f 1117 1116 1119
f 1120 1121 1122
f 1121 1120 1123
f 1124 1125 1126
f 1125 1124 1127
f 1128 1129 1130
f 1129 1128 1131
f 1132 1133 1134
f 1133 1132 1135
f 1136 1137 1138
f 1137 1136 1139
f 1140 1141 1142
f 1141 1140 1143
f 1144 1145 1146
f 1145 1144 1147
f 1148 1149 1150
f 1149 1148 1151
f 1152 1153 1154
f 1153 1152 1155
f 1156 1157 1158
f 1157 1156 1159
f 1160 1161 1162
f 1161 1160 1163
f 1164 1165 1166
f 1165 1164 1167
f 1168 1169 1170
f 1169 1168 1171
f 1172 1173 1174
f 1173 1172 1175
f 1176 1177 1178
f 1177 1176 1179
f 1180 1181 1182
f 1181 1180 1183
f 1184 1185 1186
f 1185 1184 1187
f 1188 1189 1190
f 1189 1188 1191
f 1192 1193 1194
f 1193 1192 1195
f 1196 1197 1198
f 1197 1196 1199
f 1200 1201 1202
f 1201 1200 1203
f 1204 1205 1206
f 1205 1204 1207
f 1208 1209 1210
f 1209 1208 1211
f 1212 1213 1214
f 1213 1212 1215
f 1216 1217 1218
f 1217 1216 1219
f 1220 1221 1222
f 1221 1220 1223
f 1224 1225 1226
f 1225 1224 1227
f 1228 1229 1230
f 1229 1228 1231
f 1232 1233 1234
f 1233 1232 1235
f 1236 1237 1238
f 1237 1236 1239
f 1240 1241 1242
f 1241 1240 1243
f 1244 1245 1246
f 1245 1244 1247
f 1248 1249 1250
f 1249 1248 1251
f 1252 1253 1254
f 1253 1252 1255
f 1256 1257 1258
f 1257 1256 1259
f 1257 1259 1260
f 1260 1259 1261
f 1260 1261 1262
f 1262 1261 1263
f 1263 1261 1264
f 1264 1261 1265
f 1264 1265 1266
f 1266 1265 1267
f 1267 1265 1268
f 1267 1268 1269
f 1269 1268 1270
f 1270 1268 1271
f 1270 1271 1272
f 1272 1271 1273
f 1272 1273 1274
f 1274 1273 1275
f 1275 1273 1276
f 1275 1276 1277
f 1277 1276 1278
f 1278 1276 1279
f 1278 1279 1280
f 1280 1279 1281
f 1262 1282 1283
f 1282 1262 1263
f 1283 1282 1284
f 1283 1284 1285
f 1283 1285 1286
f 1286 1285 1287
f 1286 1287 1288
f 1286 1288 1289
f 1289 1288 1290
f 1289 1290 1291
f 1289 1291 1292
f 1292 1291 1293
f 1292 1293 1294
f 1294 1293 1295
f 1294 1295 1296
f 1294 1296 1297
f 1297 1296 1298
f 1297 1298 1281
f 1297 1281 1279
f 1297 1279 1299
f 1297 1299 1300
f 1300 1299 1301
f 1300 1301 1302
f 1302 1301 1303
f 1304 1305 1306
f 1305 1304 1307
f 1308 1309 1310
f 1309 1308 1311
f 1312 1313 1314
f 1313 1312 1315
f 1316 1317 1318
f 1317 1316 1319
f 1320 1321 1322
f 1321 1320 1323
f 1324 1325 1326
f 1325 1324 1327
f 1328 1329 1330
f 1329 1328 1331
f 1332 1333 1334
f 1333 1332 1335
f 1336 1337 1338
f 1337 1336 1339
f 1340 1341 1342
f 1341 1340 1343
f 1344 1345 1346
f 1345 1344 1347
f 1348 1349 1350
f 1349 1348 1351
f 1352 1353 1354
f 1353 1352 1355
f 1356 1357 1358
f 1357 1356 1359
f 1360 1361 1362
f 1361 1360 1363
f 1364 1365 1366
f 1365 1364 1367
f 1368 1369 1370
f 1369 1368 1371
f 1372 1373 1374
f 1373 1372 1375
f 1376 1377 1378
f 1377 1376 1379
f 1380 1381 1382
f 1381 1380 1383
f 1384 1385 1386
f 1385 1384 1387
f 1388 1389 1390
f 1389 1388 1391
f 1392 1393 1394
f 1393 1392 1395
f 1396 1397 1398
f 1397 1396 1399
f 1400 1401 1402
f 1401 1400 1403
f 1404 1405 1406
f 1405 1404 1407
f 1408 1409 1410
f 1409 1408 1411
f 1412 1413 1414
f 1413 1412 1415
f 1416 1417 1418
f 1417 1416 1419
f 1420 1421 1422
f 1421 1420 1423
f 1424 1425 1426
f 1425 1424 1427
f 1428 1429 1430
f 1429 1428 1431
f 1432 1433 1434
f 1433 1432 1435
f 1436 1437 1438
f 1437 1436 1439
f 1440 1441 1442
f 1441 1440 1443
f 1444 1445 1446
f 1445 1444 1447
f 1448 1449 1450
f 1449 1448 1451
f 1452 1453 1454
f 1453 1452 1455
f 1456 1457 1458
f 1457 1456 1459
f 1460 1461 1462
f 1461 1460 1463
f 1464 1465 1466
f 1465 1464 1467
f 1465 1467 1468
f 1468 1467 1469
f 1468 1469 1470
f 1470 1469 1471
f 1471 1469 1472
f 1472 1469 1473
f 1472 1473 1474
f 1474 1473 1475
f 1475 1473 1476
f 1475 1476 1477
f 1477 1476 1478
f 1478 1476 1479
f 1478 1479 1480
f 1480 1479 1481
f 1480 1481 1482
f 1482 1481 1483
f 1483 1481 1484
f 1483 1484 1485
f 1485 1484 1486
f 1486 1484 1487
f 1486 1487 1488
f 1488 1487 1489
f 1470 1490 1491
f 1490 1470 1471
f 1491 1490 1492
f 1491 1492 1493
f 1491 1493 1494
f 1494 1493 1495
f 1494 1495 1496
f 1494 1496 1497
f 1497 1496 1498
f 1497 1498 1499
f 1497 1499 1500
f 1500 1499 1501
f 1500 1501 1502
f 1502 1501 1503
f 1502 1503 1504
f 1502 1504 1505
f 1505 1504 1506
f 1505 1506 1489
f 1505 1489 1487
f 1505 1487 1507
f 1505 1507 1508
f 1508 1507 1509
f 1508 1509 1510
f 1510 1509 1511
f 1512 1513 1514
f 1513 1512 1515
f 1516 1517 1518
f 1517 1516 1519
f 1520 1521 1522
f 1521 1520 1523
f 1524 1525 1526
f 1525 1524 1527
f 1528 1529 1530
f 1529 1528 1531
f 1532 1533 1534
f 1533 1532 1535
f 1536 1537 1538
f 1537 1536 1539
f 1540 1541 1542
f 1541 1540 1543
f 1544 1545 1546
f 1545 1544 1547
f 1548 1549 1550
f 1549 1548 1551
f 1551 1548 1552
f 1552 1548 1553
f 1550 1549 1554
f 1550 1554 1555
f 1550 1555 1556
f 1552 1553 1557
f 1557 1553 1558
f 1558 1553 1559
f 1559 1553 1560
f 1560 1553 1561
f 1561 1553 1562
f 1562 1553 1563
f 1550 1564 1565
f 1564 1550 1566
f 1566 1550 1567
f 1567 1550 1568
f 1568 1550 1569
f 1569 1550 1556
f 1565 1564 1570
f 1565 1570 1571
f 1565 1571 1572
f 1565 1572 1573
f 1565 1573 1574
f 1565 1574 1575
f 1565 1575 1563
f 1565 1563 1553
f 1576 1577 1578
f 1577 1576 1579
f 1580 1581 1582
f 1581 1580 1583
f 1584 1585 1586
f 1585 1584 1587
f 1588 1589 1590
f 1589 1588 1591
f 1592 1593 1594
f 1593 1592 1595
f 1596 1597 1598
f 1597 1596 1599
f 1600 1601 1602
f 1601 1600 1603
f 1604 1605 1606
f 1605 1604 1607
f 1608 1609 1610
f 1609 1608 1611
f 1612 1613 1614
f 1613 1612 1615
f 1616 1617 1618
f 1617 1616 1619
f 1620 1621 1622
f 1621 1620 1623
f 1624 1625 1626
f 1625 1624 1627
f 1628 1629 1630
f 1629 1628 1631
f 1632 1633 1634
f 1633 1632 1635
f 1636 1637 1638
f 1637 1636 1639
f 1640 1641 1642
f 1641 1640 1643
f 1644 1645 1646
f 1645 1644 1647
f 1648 1649 1650
f 1649 1648 1651
f 1652 1653 1654
f 1653 1652 1655
f 1656 1657 1658
f 1657 1656 1659
f 1660 1661 1662
f 1661 1660 1663
f 1664 1665 1666
f 1665 1664 1667
f 1668 1669 1670
f 1669 1668 1671
f 1672 1673 1674
f 1673 1672 1675
f 1676 1677 1678
f 1677 1676 1679
f 1680 1681 1682
f 1681 1680 1683
f 1684 1685 1686
f 1685 1684 1687
f 1688 1689 1690
f 1689 1688 1691
f 1692 1693 1694
f 1693 1692 1695
f 1696 1697 1698
f 1697 1696 1699
f 1700 1701 1702
f 1701 1700 1703
f 1704 1705 1706
f 1705 1704 1707
f 1708 1709 1710
f 1709 1708 1711
f 1712 1713 1714
f 1713 1712 1715
f 1716 1717 1718
f 1717 1716 1719
f 1720 1721 1722
f 1721 1720 1723
f 1724 1725 1726
f 1725 1724 1727
f 1728 1729 1730
f 1729 1728 1731
f 1732 1733 1734
f 1733 1732 1735
f 1735 1732 1736
f 1736 1732 1737
f 1734 1733 1738
f 1734 1738 1739
f 1734 1739 1740
f 1736 1737 1741
f 1741 1737 1742
f 1742 1737 1743
f 1743 1737 1744
f 1744 1737 1745
f 1745 1737 1746
f 1746 1737 1747
f 1734 1748 1749
f 1748 1734 1750
f 1750 1734 1751
f 1751 1734 1752
f 1752 1734 1753
f 1753 1734 1740
f 1749 1748 1754
f 1749 1754 1755
f 1749 1755 1756
f 1749 1756 1757
f 1749 1757 1758
f 1749 1758 1759
f 1749 1759 1747
f 1749 1747 1737
f 1760 1761 1762
f 1761 1760 1763
f 1762 1761 1764
f 1762 1764 1765
f 1762 1765 1766
f 1762 1766 1767
f 1761 1763 1768
f 1768 1763 1769
f 1769 1763 1770
f 1770 1763 1771
f 1771 1763 1772
f 1772 1763 1773
f 1773 1763 1774
f 1774 1763 1775
f 1762 1776 1777
f 1776 1762 1778
f 1778 1762 1779
f 1779 1762 1780
f 1780 1762 1767
f 1777 1776 1781
f 1777 1781 1782
f 1777 1782 1783
f 1777 1783 1784
f 1777 1784 1785
f 1777 1785 1786
f 1777 1786 1787
f 1777 1787 1775
f 1777 1775 1763
f 1788 1789 1790
f 1789 1788 1791
f 1792 1793 1794
f 1793 1792 1795
f 1796 1797 1798
f 1797 1796 1799
f 1800 1801 1802
f 1801 1800 1803
f 1804 1805 1806
f 1805 1804 1807
f 1808 1809 1810
f 1809 1808 1811
f 1812 1813 1814
f 1813 1812 1815
f 1816 1817 1818
f 1817 1816 1819
f 1820 1821 1822
f 1821 1820 1823
f 1824 1825 1826
f 1825 1824 1827
f 1828 1829 1830
f 1829 1828 1831
f 1832 1833 1834
f 1833 1832 1835
f 1836 1837 1838
f 1837 1836 1839
f 1839 1836 1840
f 1841 1842 1843
f 1842 1841 1844
f 1844 1841 1845
f 1844 1845 1846
f 1846 1845 1847
f 1847 1845 1848
f 1848 1845 1849
f 1847 1848 1850
f 1850 1848 1851
f 1851 1848 1852
f 1851 1852 1853
f 1853 1852 1854
f 1854 1852 1855
f 1854 1855 1856
f 1856 1855 1857
f 1856 1857 1858
f 1856 1858 1859
f 1848 1849 1860
f 1860 1849 1861
f 1861 1849 1862
f 1862 1849 1863
f 1863 1849 1864
f 1864 1849 1865
f 1864 1865 1866
f 1866 1865 1867
f 1867 1865 1868
f 1867 1868 1869
f 1867 1869 1870
f 1867 1870 1871
f 1867 1871 1872
f 1865 1849 1873
f 1873 1849 1874
f 1874 1849 1875
f 1875 1849 1876
f 1876 1849 1877
f 1877 1849 1878
f 1878 1849 1879
f 1879 1849 1880
f 1879 1880 1881
f 1879 1881 1882
f 1880 1849 1883
f 1883 1849 1884
f 1884 1849 1885
f 1885 1849 1886
f 1886 1849 1887
f 1887 1849 1888
f 1888 1849 1889
f 1889 1849 1890
f 1890 1849 1891
f 1891 1849 1892
f 1892 1849 1893
f 1893 1849 1894
f 1894 1849 1895
f 1896 1893 1894
f 1856 1897 1898
f 1897 1856 1899
f 1899 1856 1900
f 1900 1856 1901
f 1901 1856 1859
f 1898 1897 1902
f 1898 1902 1903
f 1898 1903 1904
f 1898 1904 1905
f 1898 1905 1906
f 1898 1906 1907
f 1898 1907 1908
f 1898 1908 1867
f 1898 1867 1909
f 1909 1867 1910
f 1910 1867 1911
f 1911 1867 1872
f 1898 1909 1912
f 1898 1912 1913
f 1898 1913 1914
f 1898 1914 1915
f 1898 1915 1916
f 1898 1916 1917
f 1898 1917 1918
f 1898 1918 1919
f 1898 1919 1879
f 1898 1879 1882
f 1920 1851 1853
f 1921 1846 1847
f 1922 1923 1924
f 1923 1922 1925
f 1926 1927 1928
f 1927 1926 1929
f 1930 1931 1932
f 1931 1930 1933
f 1931 1933 1934
f 1931 1934 1935
f 1931 1935 1936
f 1931 1936 1937
f 1933 1930 1938
f 1938 1930 1939
f 1939 1930 1940
f 1940 1930 1941
f 1941 1930 1942
f 1942 1930 1943
f 1943 1930 1944
f 1944 1930 1945
f 1945 1930 1946
f 1945 1946 1947
f 1945 1947 1948
f 1945 1948 1949
f 1946 1930 1950
f 1950 1930 1951
f 1951 1930 1952
f 1952 1930 1953
f 1953 1930 1954
f 1954 1930 1955
f 1955 1930 1956
f 1956 1930 1957
f 1957 1930 1958
f 1959 1960 1961
f 1960 1959 1962
f 1962 1959 1963
f 1962 1963 1964
f 1964 1963 1965
f 1964 1965 1966
f 1964 1966 1967
f 1964 1967 1968
f 1967 1966 1969
f 1967 1969 1970
f 1970 1969 1971
f 1970 1971 1931
f 1970 1931 1972
f 1972 1931 1973
f 1973 1931 1974
f 1974 1931 1937
f 1968 1967 1975
f 1968 1975 1976
f 1968 1976 1977
f 1968 1977 1978
f 1968 1978 1979
f 1968 1979 1980
f 1980 1979 1981
f 1980 1981 1945
f 1980 1945 1982
f 1982 1945 1983
f 1983 1945 1984
f 1984 1945 1985
f 1985 1945 1949
f 1968 1980 1986
f 1968 1986 1987
f 1968 1987 1988
f 1968 1988 1989
f 1968 1989 1990
f 1968 1990 1991
f 1968 1991 1958
f 1968 1958 1992
f 1992 1958 1993
f 1993 1958 1994
f 1994 1958 1995
f 1995 1958 1930
f 1968 1992 1996
f 1968 1996 1997
f 1968 1997 1998
f 1968 1998 1999
f 1968 1999 2000
f 1968 2000 2001
f 1968 2001 2002
f 1968 2002 2003
f 1968 2003 2004
f 1968 2004 2005
f 1968 2005 2006
f 2007 2008 2009
f 2008 2007 2010
f 2011 2012 2013
f 2012 2011 2014
f 2015 2016 2017
f 2016 2015 2018
f 2019 2020 2021
f 2020 2019 2022
f 2023 2024 2025
f 2024 2023 2026
f 2027 2028 2029
f 2028 2027 2030
f 2031 2032 2033
f 2032 2031 2034
f 2035 2036 2037
f 2036 2035 2038
f 2036 2038 2039
f 2039 2038 2040
f 2039 2040 2041
f 2041 2040 2042
f 2041 2042 2043
f 2043 2042 2044
f 2043 2044 2045
f 2045 2044 2046
f 2045 2046 2047
f 2047 2046 2048
f 2047 2048 2049
f 2049 2048 2050
f 2049 2050 2051
f 2051 2050 2052
f 2051 2052 2053
f 2053 2052 2054
f 2053 2054 2055
f 2055 2054 2056
f 2055 2056 2057
f 2057 2056 2058
f 2059 2060 2061
f 2060 2059 2062
f 2062 2059 2063
f 2063 2059 2064
f 2063 2064 2065
f 2065 2064 2066
f 2066 2064 2067
f 2067 2064 2068
f 2067 2068 2069
f 2069 2068 2070
f 2069 2070 2071
f 2071 2070 2072
f 2072 2070 2073
f 2072 2073 2074
f 2074 2073 2075
f 2075 2073 2076
f 2076 2073 2077
f 2076 2077 2078
f 2078 2077 2079
f 2079 2077 2080
f 2080 2077 2081
f 2080 2081 2082
f 2082 2081 2083
f 2082 2083 2084
f 2085 2086 2087
f 2086 2085 2088
f 2086 2088 2089
f 2089 2088 2090
f 2090 2088 2061
f 2090 2061 2091
f 2091 2061 2060
f 2091 2060 2092
f 2091 2092 2093
f 2091 2093 2094
f 2094 2093 2095
f 2094 2095 2096
f 2094 2096 2097
f 2094 2097 2098
f 2098 2097 2099
f 2098 2099 2100
f 2100 2099 2101
f 2100 2101 2102
f 2100 2102 2103
f 2103 2102 2104
f 2103 2104 2105
f 2103 2105 2106
f 2103 2106 2079
f 2079 2106 2078
f 2107 2108 2109
f 2108 2107 2110
f 2108 2110 2111
f 2111 2110 2112
f 2111 2112 2113
f 2113 2112 2114
f 2113 2114 2115
f 2115 2114 2116
f 2115 2116 2117
f 2117 2116 2118
f 2118 2116 2119
f 2119 2116 2120
f 2120 2116 2121
f 2120 2121 2122
f 2122 2121 2123
f 2123 2121 2124
f 2124 2121 2125
f 2124 2125 2126
f 2126 2125 2127
f 2127 2125 2128
f 2128 2125 2129
f 2129 2125 2130
f 2129 2130 2131
f 2131 2130 2132
f 2117 2133 2115
f 2133 2117 2134
f 2133 2134 2135
f 2133 2135 2136
f 2133 2136 2137
f 2137 2136 2138
f 2137 2138 2139
f 2137 2139 2140
f 2137 2140 2141
f 2137 2141 2142
f 2142 2141 2143
f 2142 2143 2144
f 2142 2144 2145
f 2142 2145 2146
f 2146 2145 2147
f 2146 2147 2132
f 2146 2132 2130
f 2146 2130 2148
f 2146 2148 2149
f 2149 2148 2150
f 2149 2150 2151
f 2151 2150 2152
f 2151 2152 2153
f 2153 2152 2154
f 2155 2156 2157
f 2156 2155 2158
f 2159 2160 2161
f 2160 2159 2162
f 2163 2164 2165
f 2164 2163 2166
f 2167 2168 2169
f 2168 2167 2170
f 2171 2172 2173
f 2172 2171 2174
f 2175 2176 2177
f 2176 2175 2178
f 2179 2180 2181
f 2180 2179 2182
f 2183 2184 2185
f 2184 2183 2186
f 2187 2188 2189
f 2188 2187 2190
f 2191 2192 2193
f 2192 2191 2194
f 2195 2196 2197
f 2196 2195 2198
f 2199 2200 2201
f 2200 2199 2202
f 2203 2204 2205
f 2204 2203 2206
f 2207 2208 2209
f 2208 2207 2210
f 2211 2212 2213
f 2212 2211 2214
f 2215 2216 2217
f 2216 2215 2218
f 2219 2220 2221
f 2220 2219 2222
f 2223 2224 2225
f 2224 2223 2226
f 2224 2226 2227
f 2227 2226 2228
f 2227 2228 2229
f 2229 2228 2230
f 2229 2230 2231
f 2231 2230 2232
f 2231 2232 2233
f 2233 2232 2234
f 2233 2234 2235
f 2235 2234 2236
f 2235 2236 2237
f 2237 2236 2238
f 2237 2238 2239
f 2239 2238 2240
f 2239 2240 2241
f 2241 2240 2242
f 2241 2242 2243
f 2243 2242 2244
f 2243 2244 2245
f 2245 2244 2246
f 2247 2248 2249
f 2248 2247 2250
f 2251 2252 2253
f 2252 2251 2254
f 2255 2256 2257
f 2256 2255 2258
f 2259 2260 2261
f 2260 2259 2262
f 2263 2264 2265
f 2264 2263 2266
f 2267 2268 2269
f 2268 2267 2270
f 2271 2272 2273
f 2272 2271 2274
f 2275 2276 2277
f 2276 2275 2278
f 2279 2280 2281
f 2280 2279 2282
f 2283 2284 2285
f 2284 2283 2286
f 2287 2288 2289
f 2288 2287 2290
f 2291 2292 2293
f 2292 2291 2294
f 2295 2296 2297
f 2296 2295 2298
f 2299 2300 2301
f 2300 2299 2302
f 2303 2304 2305
f 2304 2303 2306
f 2307 2308 2309
f 2308 2307 2310
f 2311 2312 2313
f 2312 2311 2314
f 2315 2316 2317
f 2316 2315 2318
f 2319 2320 2321
f 2320 2319 2322
f 2323 2324 2325
f 2324 2323 2326
f 2327 2328 2329
f 2328 2327 2330
f 2331 2332 2333
f 2332 2331 2334
f 2335 2336 2337
f 2336 2335 2338
f 2339 2340 2341
f 2340 2339 2342
f 2343 2344 2345
f 2344 2343 2346
f 2347 2348 2349
f 2348 2347 2350
f 2351 2352 2353
f 2352 2351 2354
f 2355 2356 2357
f 2356 2355 2358
f 2359 2360 2361
f 2360 2359 2362
f 2363 2364 2365
f 2364 2363 2366
f 2367 2368 2369
f 2368 2367 2370
f 2371 2372 2373
f 2372 2371 2374
f 2375 2376 2377
f 2376 2375 2378
f 2376 2378 2379
f 2379 2378 2380
f 2379 2380 2381
f 2381 2380 2382
f 2381 2382 2383
f 2383 2382 2384
f 2383 2384 2385
f 2385 2384 2386
f 2385 2386 2387
f 2387 2386 2388
f 2387 2388 2389
f 2389 2388 2390
f 2389 2390 2391
f 2391 2390 2392
f 2391 2392 2393
f 2393 2392 2394
f 2393 2394 2395
f 2395 2394 2396
f 2395 2396 2397
f 2397 2396 2398
f 2399 2400 2401
f 2400 2399 2402
f 2403 2404 2405
f 2404 2403 2406
f 2407 2408 2409
f 2408 2407 2410
f 2411 2412 2413
f 2412 2411 2414
f 2415 2416 2417
f 2416 2415 2418
f 2419 2420 2421
f 2420 2419 2422
f 2423 2424 2425
f 2424 2423 2426
f 2427 2428 2429
f 2428 2427 2430
f 2431 2432 2433
f 2432 2431 2434
f 2435 2436 2437
f 2436 2435 2438
f 2439 2440 2441
f 2440 2439 2442
f 2443 2444 2445
f 2444 2443 2446
f 2447 2448 2449
f 2448 2447 2450
f 2451 2452 2453
f 2452 2451 2454
f 2455 2456 2457
f 2456 2455 2458
f 2459 2460 2461
f 2460 2459 2462
f 2463 2464 2465
f 2464 2463 2466
f 2467 2468 2469
f 2468 2467 2470
f 2471 2472 2473
f 2472 2471 2474
f 2475 2476 2477
f 2476 2475 2478
f 2479 2480 2481
f 2480 2479 2482
f 2483 2484 2485
f 2484 2483 2486
f 2487 2488 2489
f 2488 2487 2490
f 2491 2492 2493
f 2492 2491 2494
f 2495 2496 2497
f 2496 2495 2498
f 2499 2500 2501
f 2500 2499 2502
f 2503 2504 2505
f 2504 2503 2506
f 2507 2508 2509
f 2508 2507 2510
f 2511 2512 2513
f 2512 2511 2514
f 2515 2516 2517
f 2516 2515 2518
f 2519 2520 2521
f 2520 2519 2522
f 2523 2524 2525
f 2524 2523 2526
f 2527 2528 2529
f 2528 2527 2530
f 2531 2532 2533
f 2532 2531 2534
f 2535 2536 2537
f 2536 2535 2538
f 2539 2540 2541
f 2540 2539 2542
f 2543 2544 2545
f 2544 2543 2546
f 2547 2548 2549
f 2548 2547 2550
f 2551 2552 2553
f 2552 2551 2554
f 2555 2556 2557
f 2556 2555 2558
f 2559 2560 2561
f 2560 2559 2562
f 2563 2564 2565
f 2564 2563 2566
f 2567 2568 2569
f 2568 2567 2570
f 2571 2572 2573
f 2572 2571 2574
f 2575 2576 2577
f 2576 2575 2578
f 2579 2580 2581
f 2580 2579 2582
f 2583 2584 2585
f 2584 2583 2586
f 2587 2588 2589
f 2588 2587 2590
f 2591 2592 2593
f 2592 2591 2594
f 2595 2596 2597
f 2596 2595 2598
f 2599 2600 2601
f 2600 2599 2602
f 2603 2604 2605
f 2604 2603 2606
f 2607 2608 2609
f 2608 2607 2610
f 2611 2612 2613
f 2612 2611 2614
f 2615 2616 2617
f 2616 2615 2618
f 2619 2620 2621
f 2620 2619 2622
f 2623 2624 2625
f 2624 2623 2626
f 2627 2628 2629
f 2628 2627 2630
f 2631 2632 2633
f 2632 2631 2634
f 2635 2636 2637
f 2636 2635 2638
f 2639 2640 2641
f 2640 2639 2642
f 2642 2639 2643
f 2643 2639 2644
f 2644 2639 2645
f 2645 2639 2646
f 2646 2639 2647
f 2647 2639 2648
f 2647 2648 2649
f 2649 2648 2650
f 2650 2648 2651
f 2651 2648 2652
f 2652 2648 2653
f 2653 2648 2654
f 2641 2655 2656
f 2655 2641 2657
f 2657 2641 2658
f 2658 2641 2659
f 2659 2641 2660
f 2660 2641 2661
f 2661 2641 2640
f 2656 2655 2662
f 2656 2662 2663
f 2656 2663 2664
f 2656 2664 2665
f 2656 2665 2666
f 2656 2666 2654
f 2656 2654 2648
f 2667 2668 2669
f 2668 2667 2670
f 2670 2667 2671
f 2671 2667 2672
f 2672 2667 2673
f 2673 2667 2674
f 2674 2667 2675
f 2674 2675 2676
f 2676 2675 2677
f 2677 2675 2678
f 2678 2675 2679
f 2679 2675 2680
f 2680 2675 2681
f 2682 2683 2684
f 2683 2682 2685
f 2685 2682 2686
f 2686 2682 2687
f 2687 2682 2688
f 2688 2682 2689
f 2689 2682 2669
f 2669 2682 2667
f 2684 2683 2690
f 2684 2690 2691
f 2684 2691 2692
f 2684 2692 2693
f 2684 2693 2694
f 2684 2694 2681
f 2684 2681 2675
f 2695 2696 2697
f 2696 2695 2698
f 2698 2695 2699
f 2699 2695 2700
f 2700 2695 2701
f 2701 2695 2702
f 2702 2695 2703
f 2703 2695 2704
f 2703 2704 2705
f 2705 2704 2706
f 2706 2704 2707
f 2707 2704 2708
f 2708 2704 2709
f 2709 2704 2710
f 2697 2711 2712
f 2711 2697 2713
f 2713 2697 2714
f 2714 2697 2715
f 2715 2697 2716
f 2716 2697 2717
f 2717 2697 2696
f 2712 2711 2718
f 2712 2718 2719
f 2712 2719 2720
f 2712 2720 2721
f 2712 2721 2722
f 2712 2722 2710
f 2712 2710 2704
f 2723 2724 2725
f 2724 2723 2726
f 2727 2728 2729
f 2728 2727 2730
f 2731 2732 2733
f 2732 2731 2734
f 2735 2736 2737
f 2736 2735 2738
f 2739 2740 2741
f 2740 2739 2742
f 2743 2744 2745
f 2744 2743 2746
f 2747 2748 2749
f 2748 2747 2750
f 2751 2752 2753
f 2752 2751 2754
f 2755 2756 2757
f 2756 2755 2758
f 2759 2760 2761
f 2760 2759 2762
f 2763 2764 2765
f 2764 2763 2766
f 2767 2768 2769
f 2768 2767 2770
f 2771 2772 2773
f 2772 2771 2774
f 2775 2776 2777
f 2776 2775 2778
f 2776 2778 2779
f 2779 2778 2780
f 2779 2780 2781
f 2781 2780 2782
f 2782 2780 2783
f 2783 2780 2784
f 2783 2784 2785
f 2785 2784 2786
f 2786 2784 2787
f 2786 2787 2788
f 2788 2787 2789
f 2788 2789 2790
f 2790 2789 2791
f 2790 2791 2792
f 2792 2791 2793
f 2793 2791 2794
f 2793 2794 2795
f 2795 2794 2796
f 2795 2796 2797
f 2797 2796 2798
f 2798 2796 2799
f 2798 2799 2800
f 2781 2801 2779
f 2801 2781 2802
f 2801 2802 2803
f 2801 2803 2804
f 2804 2803 2805
f 2804 2805 2806
f 2804 2806 2807
f 2807 2806 2808
f 2807 2808 2809
f 2809 2808 2810
f 2809 2810 2811
f 2809 2811 2812
f 2812 2811 2813
f 2812 2813 2814
f 2814 2813 2815
f 2814 2815 2816
f 2816 2815 2817
f 2816 2817 2818
f 2816 2818 2819
f 2819 2818 2800
f 2819 2800 2799
f 2819 2799 2820
f 2819 2820 2821
f 2821 2820 2822
f 2823 2824 2825
f 2824 2823 2826
f 2827 2828 2829
f 2828 2827 2830
f 2831 2832 2833
f 2832 2831 2834
f 2835 2836 2837
f 2836 2835 2838
f 2839 2840 2841
f 2840 2839 2842
f 2843 2844 2845
f 2844 2843 2846
f 2847 2848 2849
f 2848 2847 2850
f 2851 2852 2853
f 2852 2851 2854
f 2855 2856 2857
f 2856 2855 2858
f 2859 2860 2861
f 2860 2859 2862
f 2863 2864 2865
f 2864 2863 2866
f 2867 2868 2869
f 2868 2867 2870
f 2871 2872 2873
f 2872 2871 2874
f 2875 2876 2877
f 2876 2875 2878
f 2879 2880 2881
f 2880 2879 2882
f 2883 2884 2885
f 2884 2883 2886
f 2887 2888 2889
f 2888 2887 2890
f 2891 2892 2893
f 2892 2891 2894
f 2895 2896 2897
f 2896 2895 2898
f 2899 2900 2901
f 2900 2899 2902
f 2903 2904 2905
f 2904 2903 2906
f 2907 2908 2909
f 2908 2907 2910
f 2911 2912 2913
f 2912 2911 2914
f 2915 2916 2917
f 2916 2915 2918
f 2919 2920 2921
f 2920 2919 2922
f 2923 2924 2925
f 2924 2923 2926
f 2927 2928 2929
f 2928 2927 2930
f 2928 2930 2931
f 2931 2930 2932
f 2931 2932 2933
f 2933 2932 2934
f 2933 2934 2935
f 2935 2934 2936
f 2935 2936 2937
f 2937 2936 2938
f 2938 2936 2939
f 2939 2936 2940
f 2939 2940 2941
f 2941 2940 2942
f 2942 2940 2943
f 2943 2940 2944
f 2944 2940 2945
f 2945 2940 2946
f 2945 2946 2947
f 2947 2946 2948
f 2948 2946 2949
f 2949 2946 2950
f 2950 2946 2951
f 2951 2946 2952
f 2937 2953 2954
f 2953 2937 2938
f 2954 2953 2955
f 2954 2955 2956
f 2954 2956 2957
f 2954 2957 2958
f 2954 2958 2959
f 2954 2959 2960
f 2954 2960 2961
f 2961 2960 2962
f 2961 2962 2963
f 2961 2963 2964
f 2961 2964 2965
f 2961 2965 2952
f 2961 2952 2946
f 2961 2946 2966
f 2961 2966 2967
f 2967 2966 2968
f 2967 2968 2969
f 2969 2968 2970
f 2969 2970 2971
f 2971 2970 2972
f 2971 2972 2973
f 2973 2972 2974
f 2975 2976 2977
f 2976 2975 2978
f 2979 2980 2981
f 2980 2979 2982
f 2983 2984 2985
f 2984 2983 2986
f 2987 2988 2989
f 2988 2987 2990
f 2990 2987 2991
f 2990 2991 2992
f 2992 2991 2993
f 2992 2993 2994
f 2994 2993 2995
f 2994 2995 2996
f 2996 2995 2997
f 2996 2997 2998
f 2998 2997 2999
f 2998 2999 3000
f 3000 2999 3001
f 3000 3001 3002
f 3002 3001 3003
f 3003 3001 3004
f 3003 3004 3005
f 3005 3004 3006
f 3005 3006 3007
f 3007 3006 3008
f 3007 3008 3009
f 3009 3008 3010
f 3009 3010 3011
f 3011 3010 3012
f 2988 3013 2989
f 3013 2988 3014
f 3013 3014 3015
f 3015 3014 3016
f 3015 3016 3017
f 3017 3016 3018
f 3017 3018 3019
f 3019 3018 3020
f 3019 3020 3021
f 3021 3020 3022
f 3021 3022 3023
f 3023 3022 3024
f 3023 3024 3025
f 3023 3025 3026
f 3026 3025 3027
f 3026 3027 3028
f 3028 3027 3029
f 3028 3029 3030
f 3030 3029 3031
f 3030 3031 3032
f 3032 3031 3033
f 3032 3033 3034
f 3034 3033 3011
f 3034 3011 3012
f 3035 3036 3037
f 3036 3035 3038
f 3039 3040 3041
f 3040 3039 3042
f 3043 3044 3045
f 3044 3043 3046
f 3047 3048 3049
f 3048 3047 3050
f 3051 3052 3053
f 3052 3051 3054
f 3055 3056 3057
f 3056 3055 3058
f 3059 3060 3061
f 3060 3059 3062
f 3063 3064 3065
f 3064 3063 3066
f 3067 3068 3069
f 3068 3067 3070
f 3071 3072 3073
f 3072 3071 3074
f 3075 3076 3077
f 3076 3075 3078
f 3079 3080 3081
f 3080 3079 3082
f 3083 3084 3085
f 3084 3083 3086
f 3087 3088 3089
f 3088 3087 3090
f 3091 3092 3093
f 3092 3091 3094
f 3095 3096 3097
f 3096 3095 3098
f 3099 3100 3101
f 3100 3099 3102
f 3103 3104 3105
f 3104 3103 3106
f 3107 3108 3109
f 3108 3107 3110
f 3111 3112 3113
f 3112 3111 3114
f 3115 3116 3117
f 3116 3115 3118
f 3119 3120 3121
f 3120 3119 3122
f 3123 3124 3125
f 3124 3123 3126
f 3127 3128 3129
f 3128 3127 3130
f 3131 3132 3133
f 3132 3131 3134
f 3135 3136 3137
f 3136 3135 3138
f 3139 3140 3141
f 3140 3139 3142
f 3143 3144 3145
f 3144 3143 3146
f 3147 3148 3149
f 3148 3147 3150
f 3151 3152 3153
f 3152 3151 3154
f 3155 3156 3157
f 3156 3155 3158
f 3159 3160 3161
f 3160 3159 3162
f 3163 3164 3165
f 3164 3163 3166
f 3167 3168 3169
f 3168 3167 3170
f 3171 3172 3173
f 3172 3171 3174
f 3175 3176 3177
f 3176 3175 3178
f 3179 3180 3181
f 3180 3179 3182
f 3183 3184 3185
f 3184 3183 3186
f 3187 3188 3189
f 3188 3187 3190
f 3188 3190 3191
f 3191 3190 3192
f 3191 3192 3193
f 3193 3192 3194
f 3193 3194 3195
f 3195 3194 3196
f 3195 3196 3197
f 3197 3196 3198
f 3197 3198 3199
f 3199 3198 3200
f 3199 3200 3201
f 3201 3200 3202
f 3201 3202 3203
f 3203 3202 3204
f 3203 3204 3205
f 3205 3204 3206
f 3205 3206 3207
f 3207 3206 3208
f 3207 3208 3209
f 3209 3208 3210
f 3211 3212 3213
f 3212 3211 3214
f 3215 3216 3217
f 3216 3215 3218
f 3219 3220 3221
f 3220 3219 3222
f 3223 3224 3225
f 3224 3223 3226
f 3227 3228 3229
f 3228 3227 3230
f 3231 3232 3233
f 3232 3231 3234
f 3235 3236 3237
f 3236 3235 3238
f 3239 3240 3241
f 3240 3239 3242
f 3243 3244 3245
f 3244 3243 3246
f 3247 3248 3249
f 3248 3247 3250
f 3251 3252 3253
f 3252 3251 3254
f 3255 3256 3257
f 3256 3255 3258
f 3259 3260 3261
f 3260 3259 3262
f 3263 3264 3265
f 3264 3263 3266
f 3267 3268 3269
f 3268 3267 3270
f 3271 3272 3273
f 3272 3271 3274
f 3275 3276 3277
f 3276 3275 3278
f 3279 3280 3281
f 3280 3279 3282
f 3283 3284 3285
f 3284 3283 3286
f 3287 3288 3289
f 3288 3287 3290
f 3291 3292 3293
f 3292 3291 3294
f 3295 3296 3297
f 3296 3295 3298
f 3299 3300 3301
f 3300 3299 3302
f 3303 3304 3305
f 3304 3303 3306
f 3307 3308 3309
f 3308 3307 3310
f 3311 3312 3313
f 3312 3311 3314
f 3315 3316 3317
f 3316 3315 3318
f 3319 3320 3321
f 3320 3319 3322
f 3323 3324 3325
f 3324 3323 3326
f 3327 3328 3329
f 3328 3327 3330
f 3331 3332 3333
f 3332 3331 3334
f 3335 3336 3337
f 3336 3335 3338
f 3339 3340 3341
f 3340 3339 3342
f 3343 3344 3345
f 3344 3343 3346
f 3347 3348 3349
f 3348 3347 3350
f 3351 3352 3353
f 3352 3351 3354
f 3355 3356 3357
f 3356 3355 3358
f 3359 3360 3361
f 3360 3359 3362
f 3363 3364 3365
f 3364 3363 3366
f 3367 3368 3369
f 3368 3367 3370
f 3371 3372 3373
f 3372 3371 3374
f 3375 3376 3377
f 3376 3375 3378
f 3379 3380 3381
f 3380 3379 3382
f 3383 3384 3385
f 3384 3383 3386
f 3387 3388 3389
f 3388 3387 3390
f 3391 3392 3393
f 3392 3391 3394
f 3395 3396 3397
f 3396 3395 3398
f 3399 3400 3401
f 3400 3399 3402
f 3403 3404 3405
f 3404 3403 3406
f 3407 3408 3409
f 3408 3407 3410
f 3411 3412 3413
f 3412 3411 3414
f 3415 3416 3417
f 3416 3415 3418
f 3419 3420 3421
f 3420 3419 3422
f 3423 3424 3425
f 3424 3423 3426
f 3427 3428 3429
f 3428 3427 3430
f 3431 3432 3433
f 3432 3431 3434
f 3435 3436 3437
f 3436 3435 3438
f 3439 3440 3441
f 3440 3439 3442
f 3443 3444 3445
f 3444 3443 3446
f 3447 3448 3449
f 3448 3447 3450
f 3451 3452 3453
f 3452 3451 3454
f 3455 3456 3457
f 3456 3455 3458
f 3459 3460 3461
f 3460 3459 3462
f 3463 3464 3465
f 3464 3463 3466
f 3467 3468 3469
f 3468 3467 3470
f 3471 3472 3473
f 3472 3471 3474
f 3475 3476 3477
f 3476 3475 3478
f 3479 3480 3481
f 3480 3479 3482
f 3483 3484 3485
f 3484 3483 3486
f 3487 3488 3489
f 3488 3487 3490
f 3491 3492 3493
f 3492 3491 3494
f 3495 3496 3497
f 3496 3495 3498
f 3499 3500 3501
f 3500 3499 3502
f 3503 3504 3505
f 3504 3503 3506
f 3507 3508 3509
f 3508 3507 3510
f 3511 3512 3513
f 3512 3511 3514
f 3515 3516 3517
f 3516 3515 3518
f 3519 3520 3521
f 3520 3519 3522
f 3523 3524 3525
f 3524 3523 3526
f 3527 3528 3529
f 3528 3527 3530
f 3531 3532 3533
f 3532 3531 3534
f 3535 3536 3537
f 3536 3535 3538
f 3539 3540 3541
f 3540 3539 3542
f 3543 3544 3545
f 3544 3543 3546
f 3547 3548 3549
f 3548 3547 3550
f 3551 3552 3553
f 3552 3551 3554
f 3555 3556 3557
f 3556 3555 3558
f 3559 3560 3561
f 3560 3559 3562
f 3563 3564 3565
f 3564 3563 3566
f 3567 3568 3569
f 3568 3567 3570
f 3571 3572 3573
f 3572 3571 3574
f 3575 3576 3577
f 3576 3575 3578
f 3579 3580 3581
f 3580 3579 3582
f 3583 3584 3585
f 3584 3583 3586
f 3584 3586 3587
f 3587 3586 3588
f 3587 3588 3589
f 3589 3588 3590
f 3589 3590 3591
f 3591 3590 3592
f 3591 3592 3593
f 3593 3592 3594
f 3593 3594 3595
f 3595 3594 3596
f 3596 3594 3597
f 3596 3597 3598
f 3598 3597 3599
f 3598 3599 3600
f 3600 3599 3601
f 3600 3601 3602
f 3602 3601 3603
f 3602 3603 3604
f 3604 3603 3605
f 3604 3605 3606
f 3583 3607 3608
f 3607 3583 3585
f 3607 3585 3609
f 3607 3609 3610
f 3610 3609 3611
f 3610 3611 3612
f 3612 3611 3613
f 3612 3613 3614
f 3614 3613 3615
f 3614 3615 3616
f 3616 3615 3617
f 3616 3617 3618
f 3618 3617 3619
f 3618 3619 3620
f 3618 3620 3621
f 3621 3620 3622
f 3621 3622 3623
f 3623 3622 3624
f 3623 3624 3625
f 3625 3624 3626
f 3625 3626 3627
f 3627 3626 3628
f 3627 3628 3629
f 3629 3628 3606
f 3629 3606 3605
f 3629 3605 3630
f 3631 3632 3633
f 3632 3631 3634
f 3635 3636 3637
f 3636 3635 3638
f 3639 3640 3641
f 3640 3639 3642
f 3643 3644 3645
f 3644 3643 3646
f 3647 3648 3649
f 3648 3647 3650
f 3651 3652 3653
f 3652 3651 3654
f 3655 3656 3657
f 3656 3655 3658
f 3659 3660 3661
f 3660 3659 3662
f 3663 3664 3665
f 3664 3663 3666
f 3667 3668 3669
f 3668 3667 3670
f 3671 3672 3673
f 3672 3671 3674
f 3675 3676 3677
f 3676 3675 3678
f 3679 3680 3681
f 3680 3679 3682
f 3683 3684 3685
f 3684 3683 3686
f 3687 3688 3689
f 3688 3687 3690
f 3688 3690 3691
f 3691 3690 3692
f 3691 3692 3693
f 3693 3692 3694
f 3694 3692 3695
f 3694 3695 3696
f 3696 3695 3697
f 3696 3697 3698
f 3696 3698 3699
f 3696 3699 3700
f 3696 3700 3701
f 3696 3701 3702
f 3693 3703 3704
f 3703 3693 3694
f 3704 3703 3702
f 3704 3702 3705
f 3705 3702 3706
f 3706 3702 3707
f 3707 3702 3708
f 3708 3702 3709
f 3709 3702 3701
f 3709 3701 3710
f 3709 3710 3711
f 3711 3710 3712
f 3711 3712 3713
f 3713 3712 3714
f 3715 3716 3717
f 3716 3715 3718
f 3719 3720 3721
f 3720 3719 3722
f 3723 3724 3725
f 3724 3723 3726
f 3727 3728 3729
f 3728 3727 3730
f 3731 3732 3733
f 3732 3731 3734
f 3735 3736 3737
f 3736 3735 3738
f 3739 3740 3741
f 3740 3739 3742
f 3743 3744 3745
f 3744 3743 3746
f 3747 3748 3749
f 3748 3747 3750
f 3751 3752 3753
f 3752 3751 3754
f 3755 3756 3757
f 3756 3755 3758
f 3759 3760 3761
f 3760 3759 3762
f 3763 3764 3765
f 3764 3763 3766
f 3767 3768 3769
f 3768 3767 3770
f 3771 3772 3773
f 3772 3771 3774
f 3775 3776 3777
f 3776 3775 3778
f 3779 3780 3781
f 3780 3779 3782
f 3783 3784 3785
f 3784 3783 3786
f 3784 3786 3787
f 3787 3786 3788
f 3787 3788 3789
f 3789 3788 3790
f 3789 3790 3791
f 3791 3790 3792
f 3791 3792 3793
f 3793 3792 3794
f 3793 3794 3795
f 3795 3794 3796
f 3795 3796 3797
f 3797 3796 3798
f 3797 3798 3799
f 3799 3798 3800
f 3799 3800 3801
f 3801 3800 3802
f 3801 3802 3803
f 3803 3802 3804
f 3803 3804 3805
f 3805 3804 3806
f 3807 3808 3809
f 3808 3807 3810
f 3811 3812 3813
f 3812 3811 3814
f 3815 3816 3817
f 3816 3815 3818
f 3819 3820 3821
f 3820 3819 3822
f 3823 3824 3825
f 3824 3823 3826
f 3827 3828 3829
f 3828 3827 3830
f 3831 3832 3833
f 3832 3831 3834
f 3835 3836 3837
f 3836 3835 3838
f 3839 3840 3841
f 3840 3839 3842
f 3843 3844 3845
f 3844 3843 3846
f 3847 3848 3849
f 3848 3847 3850
f 3851 3852 3853
f 3852 3851 3854
f 3855 3856 3857
f 3856 3855 3858
f 3859 3860 3861
f 3860 3859 3862
f 3863 3864 3865
f 3864 3863 3866
f 3867 3868 3869
f 3868 3867 3870
f 3871 3872 3873
f 3872 3871 3874
f 3875 3876 3877
f 3876 3875 3878
f 3879 3880 3881
f 3880 3879 3882
f 3883 3884 3885
f 3884 3883 3886
f 3887 3888 3889
f 3888 3887 3890
f 3891 3892 3893
f 3892 3891 3894
f 3895 3896 3897
f 3896 3895 3898
f 3899 3900 3901
f 3900 3899 3902
f 3903 3904 3905
f 3904 3903 3906
f 3907 3908 3909
f 3908 3907 3910
f 3911 3912 3913
f 3912 3911 3914
f 3915 3916 3917
f 3916 3915 3918
f 3919 3920 3921
f 3920 3919 3922
f 3923 3924 3925
f 3924 3923 3926
f 3927 3928 3929
f 3928 3927 3930
f 3931 3932 3933
f 3932 3931 3934
f 3935 3936 3937
f 3936 3935 3938
f 3939 3940 3941
f 3940 3939 3942
f 3943 3944 3945
f 3944 3943 3946
f 3947 3948 3949
f 3948 3947 3950
f 3951 3952 3953
f 3952 3951 3954
f 3955 3956 3957
f 3956 3955 3958
f 3959 3960 3961
f 3960 3959 3962
f 3963 3964 3965
f 3964 3963 3966
f 3967 3968 3969
f 3968 3967 3970
f 3971 3972 3973
f 3972 3971 3974
f 3975 3976 3977
f 3976 3975 3978
f 3979 3980 3981
f 3980 3979 3982
f 3983 3984 3985
f 3984 3983 3986
f 3987 3988 3989
f 3988 3987 3990
f 3991 3992 3993
f 3992 3991 3994
f 3995 3996 3997
f 3996 3995 3998
f 3999 4000 4001
f 4000 3999 4002
f 4003 4004 4005
f 4004 4003 4006
f 4007 4008 4009
f 4008 4007 4010
f 4011 4012 4013
f 4012 4011 4014
f 4015 4016 4017
f 4016 4015 4018
f 4019 4020 4021
f 4020 4019 4022
f 4023 4024 4025
f 4024 4023 4026
f 4027 4028 4029
f 4028 4027 4030
f 4031 4032 4033
f 4032 4031 4034
f 4035 4036 4037
f 4036 4035 4038
f 4039 4040 4041
f 4040 4039 4042
f 4043 4044 4045
f 4044 4043 4046
f 4047 4048 4049
f 4048 4047 4050
f 4051 4052 4053
f 4052 4051 4054
f 4055 4056 4057
f 4056 4055 4058
f 4059 4060 4061
f 4060 4059 4062
f 4063 4064 4065
f 4064 4063 4066
f 4067 4068 4069
f 4068 4067 4070
f 4071 4072 4073
f 4072 4071 4074
f 4075 4076 4077
f 4076 4075 4078
f 4079 4080 4081
f 4080 4079 4082
f 4083 4084 4085
f 4084 4083 4086
f 4087 4088 4089
f 4088 4087 4090
f 4091 4092 4093
f 4092 4091 4094
f 4095 4096 4097
f 4096 4095 4098
f 4099 4100 4101
f 4100 4099 4102
f 4103 4104 4105
f 4104 4103 4106
f 4107 4108 4109
f 4108 4107 4110
f 4111 4112 4113
f 4112 4111 4114
f 4115 4116 4117
f 4116 4115 4118
f 4119 4120 4121
f 4120 4119 4122
f 4123 4124 4125
f 4124 4123 4126
f 4127 4128 4129
f 4128 4127 4130
f 4131 4132 4133
f 4132 4131 4134
f 4135 4136 4137
f 4136 4135 4138
f 4139 4140 4141
f 4140 4139 4142
f 4143 4144 4145
f 4144 4143 4146
f 4147 4148 4149
f 4148 4147 4150
f 4148 4150 4151
f 4151 4150 4152
f 4152 4150 4153
f 4152 4153 4154
f 4154 4153 4155
f 4155 4153 4156
f 4155 4156 4157
f 4157 4156 4158
f 4157 4158 4159
f 4159 4158 4160
f 4159 4160 4161
f 4161 4160 4162
f 4161 4162 4163
f 4163 4162 4164
f 4164 4162 4165
f 4164 4165 4166
f 4166 4165 4167
f 4166 4167 4168
f 4168 4167 4169
f 4168 4169 4170
f 4170 4169 4171
f 4171 4169 4172
f 4151 4173 4148
f 4173 4151 4174
f 4173 4174 4175
f 4175 4174 4176
f 4175 4176 4177
f 4175 4177 4178
f 4178 4177 4179
f 4178 4179 4180
f 4180 4179 4181
f 4180 4181 4182
f 4182 4181 4183
f 4182 4183 4184
f 4184 4183 4185
f 4184 4185 4186
f 4184 4186 4187
f 4187 4186 4188
f 4187 4188 4189
f 4189 4188 4190
f 4189 4190 4191
f 4191 4190 4192
f 4191 4192 4171
f 4191 4171 4193
f 4193 4171 4172
f 4193 4172 4194
f 4195 4196 4197
f 4196 4195 4198
f 4199 4200 4201
f 4200 4199 4202
f 4203 4204 4205
f 4204 4203 4206
f 4204 4206 4207
f 4207 4206 4208
f 4207 4208 4209
f 4209 4208 4210
f 4210 4208 4211
f 4210 4211 4212
f 4212 4211 4213
f 4212 4213 4214
f 4212 4214 4215
f 4212 4215 4216
f 4212 4216 4217
f 4212 4217 4218
f 4218 4217 4219
f 4219 4217 4220
f 4219 4220 4221
f 4221 4220 4222
f 4221 4222 4223
f 4223 4222 4224
f 4225 4209 4210
f 4226 4227 4228
f 4227 4226 4229
f 4230 4231 4232
f 4231 4230 4233
f 4234 4235 4236
f 4235 4234 4237
f 4238 4239 4240
f 4239 4238 4241
f 4242 4243 4244
f 4243 4242 4245
f 4243 4245 4246
f 4246 4245 4247
f 4247 4245 4248
f 4247 4248 4249
f 4249 4248 4250
f 4250 4248 4251
f 4250 4251 4252
f 4252 4251 4253
f 4253 4251 4254
f 4253 4254 4255
f 4255 4254 4256
f 4255 4256 4257
f 4257 4256 4258
f 4257 4258 4259
f 4259 4258 4260
f 4259 4260 4261
f 4261 4260 4262
f 4261 4262 4263
f 4263 4262 4264
f 4263 4264 4265
f 4265 4264 4266
f 4266 4264 4267
f 4246 4268 4243
f 4268 4246 4269
f 4268 4269 4270
f 4270 4269 4271
f 4270 4271 4272
f 4270 4272 4273
f 4273 4272 4274
f 4273 4274 4275
f 4275 4274 4276
f 4275 4276 4277
f 4277 4276 4278
f 4277 4278 4279
f 4279 4278 4280
f 4279 4280 4281
f 4281 4280 4282
f 4281 4282 4283
f 4283 4282 4284
f 4283 4284 4285
f 4283 4285 4286
f 4286 4285 4287
f 4286 4287 4266
f 4286 4266 4288
f 4288 4266 4267
f 4288 4267 4289
f 4290 4291 4292
f 4291 4290 4293
f 4294 4295 4296
f 4295 4294 4297
f 4298 4299 4300
f 4299 4298 4301
f 4302 4303 4304
f 4303 4302 4305
f 4306 4307 4308
f 4307 4306 4309
f 4310 4311 4312
f 4311 4310 4313
f 4314 4315 4316
f 4315 4314 4317
f 4318 4319 4320
f 4319 4318 4321
f 4322 4323 4324
f 4323 4322 4325
f 4326 4327 4328
f 4327 4326 4329
f 4330 4331 4332
f 4331 4330 4333
f 4334 4335 4336
f 4335 4334 4337
f 4338 4339 4340
f 4339 4338 4341
f 4342 4343 4344
f 4343 4342 4345
f 4343 4345 4346
f 4346 4345 4347
f 4347 4345 4348
f 4347 4348 4349
f 4349 4348 4350
f 4350 4348 4351
f 4350 4351 4352
f 4352 4351 4353
f 4353 4351 4354
f 4353 4354 4355
f 4355 4354 4356
f 4355 4356 4357
f 4357 4356 4358
f 4357 4358 4359
f 4359 4358 4360
f 4359 4360 4361
f 4361 4360 4362
f 4361 4362 4363
f 4363 4362 4364
f 4363 4364 4365
f 4365 4364 4366
f 4366 4364 4367
f 4346 4368 4343
f 4368 4346 4369
f 4368 4369 4370
f 4370 4369 4371
f 4370 4371 4372
f 4370 4372 4373
f 4373 4372 4374
f 4373 4374 4375
f 4375 4374 4376
f 4375 4376 4377
f 4377 4376 4378
f 4377 4378 4379
f 4379 4378 4380
f 4379 4380 4381
f 4381 4380 4382
f 4381 4382 4383
f 4383 4382 4384
f 4383 4384 4385
f 4383 4385 4386
f 4386 4385 4387
f 4386 4387 4366
f 4386 4366 4388
f 4388 4366 4367
f 4388 4367 4389
f 4390 4391 4392
f 4391 4390 4393
f 4394 4395 4396
f 4395 4394 4397
f 4398 4399 4400
f 4399 4398 4401
f 4399 4401 4402
f 4402 4401 4403
f 4403 4401 4404
f 4403 4404 4405
f 4405 4404 4406
f 4406 4404 4407
f 4406 4407 4408
f 4408 4407 4409
f 4408 4409 4410
f 4410 4409 4411
f 4410 4411 4412
f 4412 4411 4413
f 4412 4413 4414
f 4414 4413 4415
f 4415 4413 4416
f 4415 4416 4417
f 4417 4416 4418
f 4417 4418 4419
f 4419 4418 4420
f 4419 4420 4421
f 4421 4420 4422
f 4422 4420 4423
f 4402 4424 4399
f 4424 4402 4425
f 4424 4425 4426
f 4426 4425 4427
f 4426 4427 4428
f 4426 4428 4429
f 4429 4428 4430
f 4429 4430 4431
f 4431 4430 4432
f 4431 4432 4433
f 4433 4432 4434
f 4433 4434 4435
f 4435 4434 4436
f 4435 4436 4437
f 4435 4437 4438
f 4438 4437 4439
f 4438 4439 4440
f 4440 4439 4441
f 4440 4441 4442
f 4442 4441 4443
f 4442 4443 4422
f 4442 4422 4444
f 4444 4422 4423
f 4444 4423 4445
f 4446 4447 4448
f 4447 4446 4449
f 4447 4449 4450
f 4450 4449 4451
f 4450 4451 4452
f 4452 4451 4453
f 4452 4453 4454
f 4454 4453 4455
f 4454 4455 4456
f 4456 4455 4457
f 4456 4457 4458
f 4458 4457 4459
f 4458 4459 4460
f 4460 4459 4461
f 4460 4461 4462
f 4462 4461 4463
f 4462 4463 4464
f 4464 4463 4465
f 4464 4465 4466
f 4466 4465 4467
f 4466 4467 4468
f 4468 4467 4469
f 4470 4471 4472
f 4471 4470 4473
f 4474 4475 4476
f 4475 4474 4477
f 4478 4479 4480
f 4479 4478 4481
f 4482 4483 4484
f 4483 4482 4485
f 4486 4487 4488
f 4487 4486 4489
f 4490 4491 4492
f 4491 4490 4493
f 4494 4495 4496
f 4495 4494 4497
f 4498 4499 4500
f 4499 4498 4501
f 4502 4503 4504
f 4503 4502 4505
f 4506 4507 4508
f 4507 4506 4509
f 4510 4511 4512
f 4511 4510 4513
f 4514 4515 4516
f 4515 4514 4517
f 4518 4519 4520
f 4519 4518 4521
f 4522 4523 4524
f 4523 4522 4525
f 4526 4527 4528
f 4527 4526 4529
f 4530 4531 4532
f 4531 4530 4533
f 4534 4535 4536
f 4535 4534 4537
f 4538 4539 4540
f 4539 4538 4541
f 4542 4543 4544
f 4543 4542 4545
f 4546 4547 4548
f 4547 4546 4549
f 4550 4551 4552
f 4551 4550 4553
f 4554 4555 4556
f 4555 4554 4557
f 4558 4559 4560
f 4559 4558 4561
f 4562 4563 4564
f 4563 4562 4565
f 4566 4567 4568
f 4567 4566 4569
f 4570 4571 4572
f 4571 4570 4573
f 4574 4575 4576
f 4575 4574 4577
f 4578 4579 4580
f 4579 4578 4581
f 4582 4583 4584
f 4583 4582 4585
f 4586 4587 4588
f 4587 4586 4589
f 4590 4591 4592
f 4591 4590 4593
f 4594 4595 4596
f 4595 4594 4597
f 4598 4599 4600
f 4599 4598 4601
f 4602 4603 4604
f 4603 4602 4605
f 4606 4607 4608
f 4607 4606 4609
f 4610 4611 4612
f 4611 4610 4613
f 4614 4615 4616
f 4615 4614 4617
f 4618 4619 4620
f 4619 4618 4621
f 4622 4623 4624
f 4623 4622 4625
f 4626 4627 4628
f 4627 4626 4629
f 4630 4631 4632
f 4631 4630 4633
f 4634 4635 4636
f 4635 4634 4637
f 4638 4639 4640
f 4639 4638 4641
f 4642 4643 4644
f 4643 4642 4645
f 4646 4647 4648
f 4647 4646 4649
f 4650 4651 4652
f 4651 4650 4653
f 4654 4655 4656
f 4655 4654 4657
f 4658 4659 4660
f 4659 4658 4661
f 4662 4663 4664
f 4663 4662 4665
f 4666 4667 4668
f 4667 4666 4669
f 4670 4671 4672
f 4671 4670 4673
f 4674 4675 4676
f 4675 4674 4677
f 4678 4679 4680
f 4679 4678 4681
f 4682 4683 4684
f 4683 4682 4685
f 4686 4687 4688
f 4687 4686 4689
f 4690 4691 4692
f 4691 4690 4693
f 4694 4695 4696
f 4695 4694 4697
f 4698 4699 4700
f 4699 4698 4701
f 4699 4701 4702
f 4702 4701 4703
f 4702 4703 4704
f 4704 4703 4705
f 4704 4705 4706
f 4706 4705 4707
f 4706 4707 4708
f 4708 4707 4709
f 4708 4709 4710
f 4710 4709 4711
f 4710 4711 4712
f 4712 4711 4713
f 4712 4713 4714
f 4714 4713 4715
f 4714 4715 4716
f 4716 4715 4717
f 4716 4717 4718
f 4718 4717 4719
f 4718 4719 4720
f 4720 4719 4721
f 4722 4723 4724
f 4723 4722 4725
f 4726 4727 4728
f 4727 4726 4729
f 4730 4731 4732
f 4731 4730 4733
f 4734 4735 4736
f 4735 4734 4737
f 4738 4739 4740
f 4739 4738 4741
f 4742 4743 4744
f 4743 4742 4745
f 4746 4747 4748
f 4747 4746 4749
f 4750 4751 4752
f 4751 4750 4753
f 4754 4755 4756
f 4755 4754 4757
f 4758 4759 4760
f 4759 4758 4761
f 4762 4763 4764
f 4763 4762 4765
f 4766 4767 4768
f 4767 4766 4769
f 4770 4771 4772
f 4771 4770 4773
f 4774 4775 4776
f 4775 4774 4777
f 4778 4779 4780
f 4779 4778 4781
f 4782 4783 4784
f 4783 4782 4785
f 4786 4787 4788
f 4787 4786 4789
f 4790 4791 4792
f 4791 4790 4793
f 4794 4795 4796
f 4795 4794 4797
f 4798 4799 4800
f 4799 4798 4801
f 4802 4803 4804
f 4803 4802 4805
f 4806 4807 4808
f 4807 4806 4809
f 4810 4811 4812
f 4811 4810 4813
f 4814 4815 4816
f 4815 4814 4817
f 4818 4819 4820
f 4819 4818 4821
f 4822 4823 4824
f 4823 4822 4825
f 4826 4827 4828
f 4827 4826 4829
f 4830 4831 4832
f 4831 4830 4833
f 4834 4835 4836
f 4835 4834 4837
f 4838 4839 4840
f 4839 4838 4841
f 4842 4843 4844
f 4843 4842 4845
f 4846 4847 4848
f 4847 4846 4849
f 4850 4851 4852
f 4851 4850 4853
f 4854 4855 4856
f 4855 4854 4857
f 4858 4859 4860
f 4859 4858 4861
f 4862 4863 4864
f 4863 4862 4865
f 4866 4867 4868
f 4867 4866 4869
f 4870 4871 4872
f 4871 4870 4873
f 4874 4875 4876
f 4875 4874 4877
f 4877 4874 4878
f 4878 4874 4879
f 4880 4881 4882
f 4881 4880 4883
f 4884 4885 4886
f 4885 4884 4887
f 4888 4889 4890
f 4889 4888 4891
f 4892 4893 4894
f 4893 4892 4895
f 4896 4897 4898
f 4897 4896 4899
f 4900 4901 4902
f 4901 4900 4903
f 4904 4905 4906
f 4905 4904 4907
f 4908 4909 4910
f 4909 4908 4911
f 4912 4913 4914
f 4913 4912 4915
f 4916 4917 4918
f 4917 4916 4919
f 4920 4921 4922
f 4921 4920 4923
f 4924 4925 4926
f 4925 4924 4927
f 4928 4929 4930
f 4929 4928 4931
f 4932 4933 4934
f 4933 4932 4935
f 4936 4937 4938
f 4937 4936 4939
f 4940 4941 4942
f 4941 4940 4943
f 4944 4945 4946
f 4945 4944 4947
f 4948 4949 4950
f 4949 4948 4951
f 4952 4953 4954
f 4953 4952 4955
f 4956 4957 4958
f 4957 4956 4959
f 4957 4959 4960
f 4960 4959 4961
f 4960 4961 4962
f 4962 4961 4963
f 4962 4963 4964
f 4964 4963 4965
f 4964 4965 4966
f 4966 4965 4967
f 4966 4967 4968
f 4968 4967 4969
f 4968 4969 4970
f 4970 4969 4971
f 4970 4971 4972
f 4972 4971 4973
f 4972 4973 4974
f 4974 4973 4975
f 4974 4975 4976
f 4976 4975 4977
f 4976 4977 4978
f 4978 4977 4979
f 4980 4981 4982
f 4981 4980 4983
f 4984 4985 4986
f 4985 4984 4987
f 4988 4989 4990
f 4989 4988 4991
f 4992 4993 4994
f 4993 4992 4995
f 4996 4997 4998
f 4997 4996 4999
f 5000 5001 5002
f 5001 5000 5003
f 5004 5005 5006
f 5005 5004 5007
f 5008 5009 5010
f 5009 5008 5011
f 5012 5013 5014
f 5013 5012 5015
f 5016 5017 5018
f 5017 5016 5019
f 5020 5021 5022
f 5021 5020 5023
f 5024 5025 5026
f 5025 5024 5027
f 5028 5029 5030
f 5029 5028 5031
f 5032 5033 5034
f 5033 5032 5035
f 5036 5037 5038
f 5037 5036 5039
f 5040 5041 5042
f 5041 5040 5043
f 5044 5045 5046
f 5045 5044 5047
f 5048 5049 5050
f 5049 5048 5051
f 5052 5053 5054
f 5053 5052 5055
f 5056 5057 5058
f 5057 5056 5059
f 5060 5061 5062
f 5061 5060 5063
f 5064 5065 5066
f 5065 5064 5067
f 5068 5069 5070
f 5069 5068 5071
f 5072 5073 5074
f 5073 5072 5075
f 5076 5077 5078
f 5077 5076 5079
f 5080 5081 5082
f 5081 5080 5083
f 5084 5085 5086
f 5085 5084 5087
f 5088 5089 5090
f 5089 5088 5091
f 5092 5093 5094
f 5093 5092 5095
f 5096 5097 5098
f 5097 5096 5099
f 5100 5101 5102
f 5101 5100 5103
f 5104 5105 5106
f 5105 5104 5107
f 5108 5109 5110
f 5109 5108 5111
f 5112 5113 5114
f 5113 5112 5115
f 5116 5117 5118
f 5117 5116 5119
f 5120 5121 5122
f 5121 5120 5123
f 5124 5125 5126
f 5125 5124 5127
f 5128 5129 5130
f 5129 5128 5131
f 5132 5133 5134
f 5133 5132 5135
f 5136 5137 5138
f 5137 5136 5139
f 5140 5141 5142
f 5141 5140 5143
f 5144 5145 5146
f 5145 5144 5147
f 5148 5149 5150
f 5149 5148 5151
f 5152 5153 5154
f 5153 5152 5155
f 5156 5157 5158
f 5157 5156 5159
f 5160 5161 5162
f 5161 5160 5163
f 5164 5165 5166
f 5165 5164 5167
f 5168 5169 5170
f 5169 5168 5171
f 5172 5173 5174
f 5173 5172 5175
f 5176 5177 5178
f 5177 5176 5179
f 5180 5181 5182
f 5181 5180 5183
f 5184 5185 5186
f 5185 5184 5187
f 5188 5189 5190
f 5189 5188 5191
f 5192 5193 5194
f 5193 5192 5195
f 5196 5197 5198
f 5197 5196 5199
f 5200 5201 5202
f 5201 5200 5203
f 5204 5205 5206
f 5205 5204 5207
f 5208 5209 5210
f 5209 5208 5211
f 5212 5213 5214
f 5213 5212 5215
f 5216 5217 5218
f 5217 5216 5219
f 5220 5221 5222
f 5221 5220 5223
f 5224 5225 5226
f 5225 5224 5227
f 5228 5229 5230
f 5229 5228 5231
f 5232 5233 5234
f 5233 5232 5235
f 5236 5237 5238
f 5237 5236 5239
f 5240 5241 5242
f 5241 5240 5243
f 5244 5245 5246
f 5245 5244 5247
f 5248 5249 5250
f 5249 5248 5251
f 5252 5253 5254
f 5253 5252 5255
f 5256 5257 5258
f 5257 5256 5259
f 5260 5261 5262
f 5261 5260 5263
f 5264 5265 5266
f 5265 5264 5267
f 5268 5269 5270
f 5269 5268 5271
f 5272 5273 5274
f 5273 5272 5275
f 5276 5277 5278
f 5277 5276 5279
f 5280 5281 5282
f 5281 5280 5283
f 5284 5285 5286
f 5285 5284 5287
f 5288 5289 5290
f 5289 5288 5291
f 5292 5293 5294
f 5293 5292 5295
f 5296 5297 5298
f 5297 5296 5299
f 5300 5301 5302
f 5301 5300 5303
f 5304 5305 5306
f 5305 5304 5307
f 5308 5309 5310
f 5309 5308 5311
f 5312 5313 5314
f 5313 5312 5315
f 5316 5317 5318
f 5317 5316 5319
f 5320 5321 5322
f 5321 5320 5323
f 5324 5325 5326
f 5325 5324 5327
f 5328 5329 5330
f 5329 5328 5331
f 5332 5333 5334
f 5333 5332 5335
f 5336 5337 5338
f 5337 5336 5339
f 5340 5341 5342
f 5341 5340 5343
f 5344 5345 5346
f 5345 5344 5347
f 5348 5349 5350
f 5349 5348 5351
f 5352 5353 5354
f 5353 5352 5355
f 5356 5357 5358
f 5357 5356 5359
f 5360 5361 5362
f 5361 5360 5363
f 5364 5365 5366
f 5365 5364 5367
f 5368 5369 5370
f 5369 5368 5371
f 5372 5373 5374
f 5373 5372 5375
f 5376 5377 5378
f 5377 5376 5379
f 5380 5381 5382
f 5381 5380 5383
f 5384 5385 5386
f 5385 5384 5387
f 5388 5389 5390
f 5389 5388 5391
f 5392 5393 5394
f 5393 5392 5395
f 5396 5397 5398
f 5397 5396 5399
f 5400 5401 5402
f 5401 5400 5403
f 5404 5405 5406
f 5405 5404 5407
f 5408 5409 5410
f 5409 5408 5411
f 5412 5413 5414
f 5413 5412 5415
f 5416 5417 5418
f 5417 5416 5419
f 5420 5421 5422
f 5421 5420 5423
f 5424 5425 5426
f 5425 5424 5427
f 5428 5429 5430
f 5429 5428 5431
f 5432 5433 5434
f 5433 5432 5435
f 5436 5437 5438
f 5437 5436 5439
f 5440 5441 5442
f 5441 5440 5443
f 5444 5445 5446
f 5445 5444 5447
f 5448 5449 5450
f 5449 5448 5451
f 5452 5453 5454
f 5453 5452 5455
f 5456 5457 5458
f 5457 5456 5459
f 5457 5459 5460
f 5457 5460 5461
f 5457 5461 5462
f 5457 5462 5463
f 5457 5463 5464
f 5465 5466 5467
f 5466 5465 5468
f 5469 5470 5471
f 5470 5469 5472
f 5473 5474 5475
f 5474 5473 5476
f 5477 5478 5479
f 5478 5477 5480
f 5481 5482 5483
f 5482 5481 5484
f 5485 5486 5487
f 5486 5485 5488
f 5489 5490 5491
f 5490 5489 5492
f 5493 5494 5495
f 5494 5493 5496
f 5497 5498 5499
f 5498 5497 5500
f 5501 5502 5503
f 5502 5501 5504
f 5505 5506 5507
f 5506 5505 5508
f 5509 5510 5511
f 5510 5509 5512
f 5513 5514 5515
f 5514 5513 5516
f 5517 5518 5519
f 5518 5517 5520
f 5521 5522 5523
f 5522 5521 5524
f 5525 5526 5527
f 5526 5525 5528
f 5529 5530 5531
f 5530 5529 5532
f 5533 5534 5535
f 5534 5533 5536
f 5534 5536 5537
f 5537 5536 5538
f 5537 5538 5539
f 5539 5538 5540
f 5539 5540 5541
f 5541 5540 5542
f 5541 5542 5543
f 5543 5542 5544
f 5543 5544 5545
f 5545 5544 5546
f 5545 5546 5547
f 5547 5546 5548
f 5547 5548 5549
f 5549 5548 5550
f 5549 5550 5551
f 5551 5550 5552
f 5551 5552 5553
f 5553 5552 5554
f 5553 5554 5555
f 5555 5554 5556
f 5557 5558 5559
f 5558 5557 5560
f 5561 5562 5563
f 5562 5561 5564
f 5565 5566 5567
f 5566 5565 5568
f 5569 5570 5571
f 5570 5569 5572
f 5573 5574 5575
f 5574 5573 5576
f 5577 5578 5579
f 5578 5577 5580
f 5581 5582 5583
f 5582 5581 5584
f 5585 5586 5587
f 5586 5585 5588
f 5589 5590 5591
f 5590 5589 5592
f 5593 5594 5595
f 5594 5593 5596
f 5597 5598 5599
f 5598 5597 5600
f 5601 5602 5603
f 5602 5601 5604
f 5605 5606 5607
f 5606 5605 5608
f 5609 5610 5611
f 5610 5609 5612
f 5613 5614 5615
f 5614 5613 5616
f 5617 5618 5619
f 5618 5617 5620
f 5621 5622 5623
f 5622 5621 5624
f 5625 5626 5627
f 5626 5625 5628
f 5629 5630 5631
f 5630 5629 5632
f 5633 5634 5635
f 5634 5633 5636
f 5637 5638 5639
f 5638 5637 5640
f 5641 5642 5643
f 5642 5644 5645
f 5644 5642 5646
f 5646 5642 5641
f 5647 5648 5649
f 5648 5647 5650
f 5651 5652 5653
f 5652 5651 5654
f 5655 5656 5657
f 5656 5655 5658
f 5659 5660 5661
f 5660 5659 5662
f 5663 5664 5665
f 5664 5663 5666
f 5667 5668 5669
f 5668 5667 5670
f 5671 5672 5673
f 5672 5671 5674
f 5675 5676 5677
f 5676 5675 5678
f 5679 5680 5681
f 5680 5679 5682
f 5683 5684 5685
f 5684 5683 5686
f 5687 5688 5689
f 5688 5687 5690
f 5691 5692 5693
f 5692 5691 5694
f 5695 5696 5697
f 5696 5695 5698
f 5699 5700 5701
f 5700 5699 5702
f 5703 5704 5705
f 5704 5703 5706
f 5707 5708 5709
f 5708 5707 5710
f 5710 5707 5711
f 5712 5713 5714
f 5713 5712 5715
f 5716 5717 5718
f 5717 5716 5719
f 5720 5721 5722
f 5721 5720 5723
f 5724 5725 5726
f 5725 5724 5727
f 5728 5729 5730
f 5729 5728 5731
f 5732 5733 5734
f 5733 5732 5735
f 5736 5737 5738
f 5737 5736 5739
f 5740 5741 5742
f 5741 5740 5743
f 5744 5745 5746
f 5745 5744 5747
f 5748 5749 5750
f 5749 5748 5751
f 5752 5753 5754
f 5753 5752 5755
f 5756 5757 5758
f 5757 5756 5759
f 5760 5761 5762
f 5761 5760 5763
f 5764 5765 5766
f 5765 5764 5767
f 5768 5769 5770
f 5769 5768 5771
f 5772 5773 5774
f 5773 5772 5775
f 5776 5777 5778
f 5777 5776 5779
f 5780 5781 5782
f 5781 5780 5783
f 5784 5785 5786
f 5785 5784 5787
f 5788 5789 5790
f 5789 5788 5791
f 5792 5793 5794
f 5793 5792 5795
f 5796 5797 5798
f 5797 5796 5799
f 5800 5801 5802
f 5801 5800 5803
f 5804 5805 5806
f 5805 5804 5807
f 5808 5809 5810
f 5809 5808 5811
f 5812 5813 5814
f 5813 5812 5815
f 5816 5817 5818
f 5817 5816 5819
f 5820 5821 5822
f 5821 5820 5823
f 5824 5825 5826
f 5825 5824 5827
f 5828 5829 5830
f 5829 5828 5831
f 5832 5833 5834
f 5833 5832 5835
f 5836 5837 5838
f 5837 5836 5839
f 5840 5841 5842
f 5841 5840 5843
f 5843 5840 5844
f 5844 5840 5845
f 5842 5841 5846
f 5842 5846 5847
f 5844 5845 5848
f 5848 5845 5849
f 5849 5845 5850
f 5850 5845 5851
f 5851 5845 5852
f 5852 5845 5853
f 5853 5845 5854
f 5854 5845 5855
f 5855 5845 5856
f 5856 5845 5857
f 5857 5845 5858
f 5858 5845 5859
f 5842 5860 5861
f 5860 5842 5862
f 5862 5842 5863
f 5863 5842 5864
f 5864 5842 5865
f 5865 5842 5847
f 5865 5847 5866
f 5865 5866 5867
f 5865 5867 5868
f 5861 5860 5869
f 5861 5869 5870
f 5861 5870 5871
f 5861 5871 5872
f 5861 5872 5873
f 5861 5873 5874
f 5861 5874 5875
f 5861 5875 5859
f 5861 5859 5845
f 5876 5865 5868
f 5865 5876 5877
f 5877 5876 5878
f 5878 5876 5879
f 5879 5876 5880
f 5879 5880 5881
f 5881 5880 5882
f 5881 5882 5883
f 5883 5882 5884
f 5883 5884 5885
f 5885 5884 5886
f 5885 5886 5887
f 5887 5886 5888
f 5887 5888 5889
f 5889 5888 5890
f 5889 5890 5856
f 5856 5890 5891
f 5856 5891 5855
f 5892 5893 5894
f 5893 5892 5895
f 5896 5897 5898
f 5897 5896 5899
f 5900 5901 5902
f 5901 5900 5903
f 5904 5905 5906
f 5905 5904 5907
f 5905 5907 5908
f 5908 5907 5909
f 5908 5909 5910
f 5910 5909 5911
f 5910 5911 5912
f 5912 5911 5913
f 5913 5911 5914
f 5914 5911 5915
f 5915 5911 5916
f 5915 5916 5917
f 5917 5916 5918
f 5918 5916 5919
f 5918 5919 5920
f 5920 5919 5921
f 5920 5921 5922
f 5922 5921 5923
f 5923 5921 5924
f 5923 5924 5925
f 5925 5924 5926
f 5926 5924 5927
f 5926 5927 5928
f 5928 5927 5929
f 5912 5930 5910
f 5930 5912 5931
f 5930 5931 5932
f 5930 5932 5933
f 5930 5933 5934
f 5934 5933 5935
f 5934 5935 5936
f 5934 5936 5937
f 5937 5936 5938
f 5937 5938 5939
f 5937 5939 5940
f 5940 5939 5941
f 5940 5941 5942
f 5942 5941 5943
f 5942 5943 5944
f 5942 5944 5945
f 5945 5944 5946
f 5945 5946 5929
f 5945 5929 5927
f 5945 5927 5947
f 5945 5947 5948
f 5948 5947 5949
f 5948 5949 5950
f 5950 5949 5951
f 5952 5953 5954
f 5953 5952 5955
f 5953 5955 5956
f 5956 5955 5957
f 5956 5957 5958
f 5958 5957 5959
f 5958 5959 5960
f 5960 5959 5961
f 5961 5959 5962
f 5962 5959 5963
f 5963 5959 5964
f 5963 5964 5965
f 5965 5964 5966
f 5966 5964 5967
f 5966 5967 5968
f 5968 5967 5969
f 5968 5969 5970
f 5970 5969 5971
f 5971 5969 5972
f 5971 5972 5973
f 5973 5972 5974
f 5974 5972 5975
f 5974 5975 5976
f 5976 5975 5977
f 5960 5978 5958
f 5978 5960 5979
f 5978 5979 5980
f 5978 5980 5981
f 5978 5981 5982
f 5982 5981 5983
f 5982 5983 5984
f 5982 5984 5985
f 5985 5984 5986
f 5985 5986 5987
f 5985 5987 5988
f 5988 5987 5989
f 5988 5989 5990
f 5990 5989 5991
f 5990 5991 5992
f 5990 5992 5993
f 5993 5992 5994
f 5993 5994 5977
f 5993 5977 5975
f 5993 5975 5995
f 5993 5995 5996
f 5996 5995 5997
f 5996 5997 5998
f 5998 5997 5999
f 6000 6001 6002
f 6001 6000 6003
f 6001 6003 6004
f 6004 6003 6005
f 6004 6005 6006
f 6006 6005 6007
f 6006 6007 6008
f 6008 6007 6009
f 6009 6007 6010
f 6010 6007 6011
f 6011 6007 6012
f 6011 6012 6013
f 6013 6012 6014
f 6014 6012 6015
f 6014 6015 6016
f 6016 6015 6017
f 6016 6017 6018
f 6018 6017 6019
f 6019 6017 6020
f 6019 6020 6021
f 6021 6020 6022
f 6022 6020 6023
f 6022 6023 6024
f 6024 6023 6025
f 6008 6026 6006
f 6026 6008 6027
f 6026 6027 6028
f 6026 6028 6029
f 6026 6029 6030
f 6030 6029 6031
f 6030 6031 6032
f 6030 6032 6033
f 6033 6032 6034
f 6033 6034 6035
f 6033 6035 6036
f 6036 6035 6037
f 6036 6037 6038
f 6038 6037 6039
f 6038 6039 6040
f 6038 6040 6041
f 6041 6040 6042
f 6041 6042 6025
f 6041 6025 6023
f 6041 6023 6043
f 6041 6043 6044
f 6044 6043 6045
f 6044 6045 6046
f 6046 6045 6047
f 6048 6049 6050
f 6049 6048 6051
f 6052 6053 6054
f 6053 6052 6055
f 6056 6057 6058
f 6057 6056 6059
f 6060 6061 6062
f 6061 6060 6063
f 6064 6065 6066
f 6065 6064 6067
f 6068 6069 6070
f 6069 6068 6071
f 6072 6073 6074
f 6073 6072 6075
f 6076 6077 6078
f 6077 6076 6079
f 6080 6081 6082
f 6081 6080 6083
f 6084 6085 6086
f 6085 6084 6087
f 6088 6089 6090
f 6089 6088 6091
f 6092 6093 6094
f 6093 6092 6095
f 6096 6097 6098
f 6097 6096 6099
f 6100 6101 6102
f 6101 6100 6103
f 6104 6105 6106
f 6105 6104 6107
f 6108 6109 6110
f 6109 6108 6111
f 6112 6113 6114
f 6113 6112 6115
f 6116 6117 6118
f 6117 6116 6119
f 6120 6121 6122
f 6121 6120 6123
f 6124 6125 6126
f 6125 6124 6127
f 6128 6129 6130
f 6129 6128 6131
f 6132 6133 6134
f 6133 6132 6135
f 6136 6137 6138
f 6137 6136 6139
f 6140 6141 6142
f 6141 6140 6143
f 6144 6145 6146
f 6145 6144 6147
f 6148 6149 6150
f 6149 6148 6151
f 6152 6153 6154
f 6153 6152 6155
f 6156 6157 6158
f 6157 6156 6159
f 6160 6161 6162
f 6161 6160 6163
f 6164 6165 6166
f 6165 6164 6167
f 6168 6169 6170
f 6169 6168 6171
f 6172 6173 6174
f 6173 6172 6175
f 6176 6177 6178
f 6177 6176 6179
f 6180 6181 6182
f 6181 6180 6183
f 6184 6185 6186
f 6185 6184 6187
f 6188 6189 6190
f 6189 6188 6191
f 6192 6193 6194
f 6193 6192 6195
f 6196 6197 6198
f 6197 6196 6199
f 6200 6201 6202
f 6201 6200 6203
f 6204 6205 6206
f 6205 6204 6207
f 6208 6209 6210
f 6209 6208 6211
f 6212 6213 6214
f 6213 6212 6215
f 6215 6212 6216
f 6217 6218 6219
f 6218 6217 6220
f 6220 6217 6221
f 6220 6221 6222
f 6223 6224 6225
f 6224 6223 6226
f 6226 6223 6227
f 6227 6223 6228
f 6228 6223 6229
f 6225 6224 6230
f 6225 6230 6231
f 6225 6231 6232
f 6228 6229 6233
f 6233 6229 6234
f 6234 6229 6235
f 6235 6229 6236
f 6236 6229 6237
f 6237 6229 6238
f 6225 6239 6240
f 6239 6225 6241
f 6241 6225 6242
f 6242 6225 6243
f 6243 6225 6232
f 6240 6239 6244
f 6240 6244 6245
f 6240 6245 6246
f 6240 6246 6247
f 6240 6247 6248
f 6240 6248 6249
f 6240 6249 6250
f 6240 6250 6238
f 6240 6238 6229
f 6251 6252 6253
f 6252 6251 6254
f 6254 6251 6255
f 6255 6251 6256
f 6257 6258 6259
f 6258 6257 6260
f 6260 6257 6261
f 6261 6257 6262
f 6263 6264 6265
f 6264 6263 6266
f 6266 6263 6267
f 6266 6267 6268
f 6269 6270 6271
f 6270 6269 6272
f 6272 6269 6273
f 6272 6273 6274
f 6275 6276 6277
f 6276 6275 6278
f 6278 6275 6279
f 6278 6279 6280
f 6281 6282 6283
f 6282 6281 6284
f 6284 6281 6285
f 6285 6281 6286
f 6287 6288 6289
f 6288 6287 6290
f 6291 6292 6293
f 6292 6291 6294
f 6295 6296 6297
f 6296 6295 6298
f 6299 6300 6301
f 6300 6299 6302
f 6303 6304 6305
f 6304 6303 6306
f 6307 6308 6309
f 6308 6307 6310
f 6311 6312 6313
f 6312 6311 6314
f 6315 6316 6317
f 6316 6315 6318
f 6319 6320 6321
f 6320 6319 6322
f 6323 6324 6325
f 6324 6323 6326
f 6327 6328 6329
f 6328 6327 6330
f 6331 6332 6333
f 6332 6331 6334
f 6335 6336 6337
f 6336 6335 6338
f 6339 6340 6341
f 6340 6339 6342
f 6343 6344 6345
f 6344 6343 6346
f 6347 6348 6349
f 6348 6347 6350
f 6351 6352 6353
f 6352 6351 6354
f 6355 6356 6357
f 6356 6355 6358
f 6359 6360 6361
f 6360 6359 6362
f 6363 6364 6365
f 6364 6363 6366
f 6367 6368 6369
f 6368 6367 6370
f 6371 6372 6373
f 6372 6371 6374
f 6375 6376 6377
f 6376 6375 6378
f 6379 6380 6381
f 6380 6379 6382
f 6383 6384 6385
f 6384 6383 6386
f 6387 6388 6389
f 6388 6387 6390
f 6391 6392 6393
f 6392 6391 6394
f 6395 6396 6397
f 6396 6395 6398
f 6399 6400 6401
f 6400 6399 6402
f 6403 6404 6405
f 6404 6403 6406
f 6407 6408 6409
f 6408 6407 6410
f 6411 6412 6413
f 6412 6411 6414
f 6415 6416 6417
f 6416 6415 6418
f 6419 6420 6421
f 6420 6419 6422
f 6423 6424 6425
f 6424 6423 6426
f 6427 6428 6429
f 6428 6427 6430
f 6431 6432 6433
f 6432 6431 6434
f 6435 6436 6437
f 6436 6435 6438
f 6439 6440 6441
f 6440 6439 6442
f 6443 6444 6445
f 6444 6443 6446
f 6447 6448 6449
f 6448 6447 6450
f 6451 6452 6453
f 6452 6451 6454
f 6455 6456 6457
f 6456 6455 6458
f 6459 6460 6461
f 6460 6459 6462
f 6463 6464 6465
f 6464 6463 6466
f 6467 6468 6469
f 6468 6467 6470
f 6471 6472 6473
f 6472 6471 6474
f 6475 6476 6477
f 6476 6475 6478
f 6479 6480 6481
f 6480 6479 6482
f 6483 6484 6485
f 6484 6483 6486
f 6487 6488 6489
f 6488 6487 6490
f 6491 6492 6493
f 6492 6491 6494
f 6495 6496 6497
f 6496 6495 6498
f 6499 6500 6501
f 6500 6499 6502
f 6502 6499 6503
f 6503 6499 6504
f 6504 6499 6505
f 6505 6499 6506
f 6506 6499 6507
f 6507 6499 6508
f 6507 6508 6509
f 6509 6508 6510
f 6510 6508 6511
f 6511 6508 6512
f 6512 6508 6513
f 6513 6508 6514
f 6514 6508 6515
f 6515 6508 6516
f 6516 6508 6517
f 6517 6508 6518
f 6518 6508 6519
f 6519 6508 6520
f 6520 6508 6521
f 6520 6521 6522
f 6520 6522 6523
f 6520 6523 6524
f 6520 6524 6525
f 6521 6508 6526
f 6526 6508 6527
f 6527 6508 6528
f 6528 6508 6529
f 6529 6508 6530
f 6530 6508 6531
f 6531 6508 6532
f 6532 6508 6533
f 6533 6508 6534
f 6534 6508 6535
f 6534 6535 6536
f 6534 6536 6537
f 6534 6537 6538
f 6534 6538 6539
f 6538 6537 6540
f 6540 6537 6541
f 6541 6537 6542
f 6542 6537 6543
f 6543 6537 6544
f 6544 6537 6545
f 6545 6537 6546
f 6546 6537 6547
f 6547 6537 6548
f 6548 6537 6549
f 6549 6537 6550
f 6550 6537 6551
f 6551 6537 6552
f 6535 6508 6553
f 6553 6508 6554
f 6554 6508 6555
f 6555 6508 6556
f 6556 6508 6557
f 6557 6508 6558
f 6558 6508 6559
f 6559 6508 6560
f 6560 6508 6561
f 6551 6562 6563
f 6562 6551 6552
f 6563 6562 6564
f 6563 6564 6565
f 6563 6565 6566
f 6563 6566 6567
f 6563 6567 6568
f 6563 6568 6569
f 6563 6569 6570
f 6563 6570 6571
f 6563 6571 6572
f 6563 6572 6573
f 6563 6573 6561
f 6563 6561 6508
f 6574 6575 6576
f 6575 6574 6577
f 6575 6577 6578
f 6575 6578 6579
f 6579 6578 6580
f 6579 6580 6581
f 6579 6581 6582
f 6582 6581 6583
f 6582 6583 6584
f 6584 6583 6585
f 6584 6585 6586
f 6586 6585 6587
f 6586 6587 6588
f 6588 6587 6589
f 6588 6589 6590
f 6590 6589 6591
f 6590 6591 6592
f 6592 6591 6593
f 6593 6591 6594
f 6593 6594 6595
f 6596 6534 6539
f 6597 6520 6525
f 6501 6598 6599
f 6598 6501 6600
f 6600 6501 6601
f 6601 6501 6602
f 6602 6501 6603
f 6603 6501 6604
f 6604 6501 6500
f 6599 6598 6605
f 6599 6605 6606
f 6599 6606 6607
f 6599 6607 6608
f 6599 6608 6609
f 6599 6609 6610
f 6599 6610 6595
f 6599 6595 6594
f 6599 6594 6611
f 6599 6611 6517
f 6599 6517 6518
f 6612 6604 6500
f 6604 6612 6613
f 6613 6612 6614
f 6613 6614 6576
f 6576 6614 6615
f 6576 6615 6574
f 6574 6615 6616
f 6616 6615 6617
f 6617 6615 6618
f 6617 6618 6619
f 6619 6618 6620
f 6620 6618 6621
f 6620 6621 6622
f 6622 6621 6623
f 6622 6623 6624
f 6624 6623 6625
f 6624 6625 6626
f 6626 6625 6627
f 6626 6627 6628
f 6628 6627 6629
f 6628 6629 6630
f 6630 6629 6631
f 6630 6631 6632
f 6630 6632 6515
f 6515 6632 6514
f 6633 6634 6635
f 6634 6633 6636
f 6637 6638 6639
f 6638 6637 6640
f 6640 6637 6641
f 6641 6637 6642
f 6643 6644 6645
f 6644 6643 6646
f 6647 6648 6649
f 6648 6647 6650
f 6651 6652 6653
f 6652 6651 6654
f 6655 6656 6657
f 6656 6655 6658
f 6659 6660 6661
f 6660 6659 6662
f 6663 6664 6665
f 6664 6663 6666
f 6667 6668 6669
f 6668 6667 6670
f 6671 6672 6673
f 6672 6671 6674
f 6675 6676 6677
f 6676 6675 6678
f 6679 6680 6681
f 6680 6679 6682
f 6683 6684 6685
f 6684 6683 6686
f 6687 6688 6689
f 6690 6691 6692
f 6691 6690 6693
f 6694 6695 6696
f 6695 6694 6697
f 6697 6694 6698
f 6698 6694 6699
f 6698 6699 6700
f 6699 6694 6701
f 6701 6694 6702
f 6702 6694 6703
f 6703 6694 6704
f 6704 6694 6705
f 6705 6694 6706
f 6706 6694 6707
f 6707 6694 6708
f 6708 6694 6709
f 6709 6694 6710
f 6710 6694 6711
f 6711 6694 6712
f 6713 6714 6715
f 6714 6713 6716
f 6714 6716 6717
f 6715 6714 6718
f 6715 6718 6719
f 6719 6718 6712
f 6712 6718 6720
f 6712 6720 6721
f 6712 6721 6722
f 6722 6721 6723
f 6712 6722 6724
f 6712 6724 6725
f 6725 6724 6726
f 6726 6724 6727
f 6725 6726 6728
f 6728 6726 6698
f 6728 6698 6729
f 6729 6698 6700
f 6712 6725 6730
f 6712 6730 6731
f 6712 6731 6732
f 6712 6732 6733
f 6712 6733 6734
f 6712 6734 6735
f 6712 6735 6736
f 6712 6736 6737
f 6712 6737 6711
f 6688 6717 6716
f 6717 6688 6738
f 6738 6688 6739
f 6739 6688 6687
f 6738 6739 6691
f 6738 6691 6740
f 6740 6691 6741
f 6741 6691 6742
f 6742 6691 6693
f 6738 6740 6743
f 6738 6743 6744
f 6738 6744 6745
f 6738 6745 6746
f 6738 6746 6747
f 6738 6747 6748
f 6738 6748 6749
f 6738 6749 6750
f 6738 6750 6751
f 6738 6751 6752
f 6738 6752 6753
f 6738 6753 6723
f 6738 6723 6721
f 6723 6753 6754
f 6754 6753 6724
f 6724 6753 6727
f 6727 6753 6755
f 6727 6755 6756
f 6727 6756 6697
f 6697 6756 6757
f 6697 6757 6758
f 6697 6758 6759
f 6697 6759 6760
f 6697 6760 6761
f 6697 6761 6762
f 6697 6762 6763
f 6697 6763 6764
f 6697 6764 6765
f 6697 6765 6766
f 6697 6766 6695
f 6767 6768 6769
f 6768 6767 6770
f 6771 6772 6773
f 6772 6771 6774
f 6775 6776 6777
f 6776 6775 6778
f 6779 6780 6781
f 6780 6779 6782
f 6783 6784 6785
f 6784 6783 6786
